PRODUCT DESCRIPTION,IMPORTER,IMPORTER ENTITY,SHIPPER,ARRIVAL DATE,GROSS WEIGHT (LB),GROSS WEIGHT (KG),FOREIGN PORT,US PORT,VESSEL NAME,COUNTRY OF ORIGIN,MARKS &AMP; NUMBERS,CONSIGNEE ADDRESS,SHIPPER ADDRESS,ZIP CODE,NO. OF CONTAINERS,CONTAINER NUMBER,CONTAINER TYPE,QUANTITY,QUANTITY UNIT,MEASUREMENT,MEASUREMENT UNIT,BILL OF LADING,HOUSE VS MASTER,MASTER B/L,VOYAGE NUMBER,SEAL,SHIP REGISTERED IN,IN-BOND ENTRY TYPE,CARRIER CODE,CARRIER NAME,CARRIER CITY,CARRIER STATE,CARRIER ZIP,CARRIER ADDRESS,NOTIFY PARTY,NOTIFY ADDRESS,PLACE OF RECEIPT,IMPORTER_CLEANED,YEAR,SHIPPER_CLEANED
PLYWOOD(POPLAR CORE)PLYWOOD(POPLAR CORE)PLYWOODWHITE BIRCH FACE AND BACKPOPLAR CORE,BRIDGEWELL RESOURCES LLC,BRIDGEWELL RESOURCES LLC,"JIAXING GSUN IMP. & EXP. CO.,LTD.",08/21/2012,114400,52000,Ching Tao,"New York/Newark Area, Newark, New Jersey",EVER RADIANT,China,650820 650820 650820 650822 THE SAME,10200 SW GREENBURG RD SUITE 500 TIGARD OREGON 97223 U.S.A. TEL:503.872.3566,ROOM 507 OFFICE BUILDING NO.534 HONGXING ROAD JIAXING ZHEJIANG CHINA,97223,2,BSIU9038447 GESU6077540,45G0 45G0,36,CRT,102,CM,EGLV140200534110, , ,0546E,EMCEFL3701 EMCDBL9781,PANAMA,00 - Consumption Category,EGLV,EVERGREEN LINE,TAOYUAN HSIEN 338, , ,NO 163 SEC 1 HSIN-NAN ROAD LUCHU HSIAN,BRIDGEWELL RESOURCES LLCRICHARD MURRAY, ,"QINGDAO, CHINA",Bridgewell Resources,2012,"JIAXING LAYO IMP.&EXP.GROUP CO.,LTD"
"LAMINATED FLOORING ON 21 PALLETS LS; 456715 PO; 684546 LAMINATED FLOORING ON 22 PALLETS LS; 456704 PO; 684544 LAMINATED FLOORING ON 22 PALLETS LS; 456624 PO; 684542 LAMINATED FLOORING ON 22 PALLETS LS; 456594 PO; 684541 LAMINATED FLOORING ON 22 PALLETS LS; 456730 PO; 684547 LAMINATED FLOORING ON 22 PALLETS LS; 456682 PO; 684543 LAMINATED FLOORING ON 22 PALLETS LS; 456707 PO; 684545 LAMINATED FLOORING ON 20 PALLETS LS; 457010 PO; 684548 HS CODE 4411132000 DELIVERY ADDRESS; BRIDGEWELL RESOURCES C/O PANEL SERVICES 101 BAILEY ST. 27028 MOCKSVILLE, NC USA",BRIDGEWELL RESOURCES, ,KRONOFLOORING GMBH,05/08/2013,269852,122660,Bremerhaven,"Charleston, South Carolina",PHILADELPHIA EXPRESS,Germany,NO MARKS . . . NO MARKS . . . NO MARKS . . . NO MARKS . . . NO MARKS . . . NO MARKS . . . NO MARKS . . . NO MARKS . . . . . . . . . .,"C/O PANEL SERVICES 101 BAILEY ST. 27028 MOCKSVILLE, NC / USA PHONE;+ 1 336 751 7300",MUEHLBACHER STRASSE 1 01561 LAMPERTSWALDE GERMANY,27028,8,TRLU8862246 HLXU3157016 GESU2959025 UESU2181333 FCIU2497010 TRLU3953997 FCIU4197583 FCIU2033718,2200 2210 2210 2210 2200 2200 2210 2210,169,PKG,0, ,FMSW1130490173,H,HLCUHAM130416400,03W17,KL2554005 KL2553987 KL2553984 KL2553977 KL2554009 KL2553979 KL2554001 KL2362851,UNITED STATES, ,FMSW,FMS SEAWAYS AG,OPFIKON ZURICH, , ,SAGEREISTRASSE 24 POSTFACH 8152 GLATTBRUGG,BRIDGEWELL RESOURCESJOHN A. STEER CO.,"28 SOUTH 2ND STREET PHILADELPHIA, PA 19106 UNITED STATES",HAMBURG,Bridgewell Resources,2013,KRONOFLOORING GMBH
HDF FACED PANEL MR GLUE SIZE 2440 X 1220 MM FREIGHT COLLECT NCM: 44129441,"EVERGREEN FOREST PRODUCTS, INC",EVERGREEN FOREST PRODUCTS INC,ANDRADE AND MARTINS LTDA,2017-08-13 00:00:00,27326,12421,Navagantes,"New York/Newark Area, Newark, New Jersey",MSC MAUREEN,Brazil,NO MARKS NO MARKS,578 SOUND AVENUE WADING RIVER NY 11792 US,ROD. BR 277 KM 540 IBEMA 85478000 BR,11792,1,SLSU8000076,45G0,9,PKG,0, ,AWSLAWSL149199,H,MSCUJ7361577,728R,MSCEU11603006,PANAMA, ,AWSL,ALL WORLD SHIPPING CORP,TAMPA,FL,33609-1065,550 NORTH REO STREET,MSCU,MSCU,NAVEGANTES,Evergreen Forest Products,2017,ANDRADE & MARTINS LTDA
SHIPPER'S LOAD STOW COUNT AS PER SHIPPER'S ADVICE: L AMEX REF: 53908 HARMONIZED CODE: 08119095 TEMPERATUR E SET POINT: (MINUS) -20 C ELSIUS -FREIGHT PREPAID PA CKING 110 KG NET-IQF DICE D PEACHES 10 MM,BRIDGEWELL RESOURCES, ,ALTERRA SA,11/21/2014,43560,19800,Valencia,"Seattle, Washington",MSC NERISSA,Spain,NO MARKS NO MARKS NO MARKS NO MARKS NO MARKS,"12420 SE CARPENTER DRIVE CLACKAMAS, CLACKAMAS OR 97015 UNITED STATES",3RD KM GIANNITSA-EDESSA GIANNITSA 59 58100 GREECE,97015,1,CRLU1281520,4532,1880,CTN,0, ,MSCUT1848898, , ,441S,1685612 EU0004164994,PANAMA, ,MSCU,MSC-MEDITERRANEAN SHIPPING COMPANY S A,GENEVA, ,CH 1206,40 AVENUE EUGENE PITTARD,TOTAL LOGISTICS RESOURCES,5362 NE 112TH AVE. PORTLAND OR 9722 PORTLAND OR 97220 UNITED STATES,THESSALONIKI,Bridgewell Resources,2014,ALTERRA SA
NET WEIGHT 23.870 KGS 22 PALLET WITH URUGUAYAN PINE K/D BLANKS S2S PCS 7986 MBF 21.318 CBM 50.380 ORDER NR. 623158 WOOD PACKING MATERIALS BEING USED ARE FREE OF BARK & APPARENTLYFREE FROMLIVE PLANT PEST,BRIDGEWELL RESOURCES, ,DANK S.A.,07/22/2011,53240,24200,South Riding Point,"New Orleans, Louisiana",MSC LORETTA,Bahamas,NO MARKS SAME SAME SAME SAME,PO BOX 23711 PORTLAND OR 97256 UNITED STATES,JUAN PAULLIER 1671 MONTEVIDEO 11200 URUGUAY,23711,1,MSCU9911766,4510,22,PKG,50,CM,MSCUUU020162, , ,020A,8384264,PANAMA,00 - Consumption Category,MSCU,MSC-MEDITERRANEAN SHIPPING COMPANY S A,GENEVA, ,CH 1206,40 AVENUE EUGENE PITTARD,BRIDGEWELL RESOURCES, ,MONTEVIDEO,Bridgewell Resources,2011,DANK S.A.
PCS GREENHEART LUMBER (INV# 321) PCS GREENHEART LUMBER (INV# 319) PCS GREENHEART LUMBER (INV# 320),EVERGREEN FOREST PRODUCTS INC,EVERGREEN FOREST PRODUCTS INC,NAZIR TROPICAL TIMBERS,2018-12-04 00:00:00,153838,69926,Port Bustamante,"New York, New York",EMS TRADER,Jamaica,NO MARKS NO MARKS NO MARKS NO MARKS NO MARKS NO MARKS,578 SOUND AVE PO BOX 922 WADING RIVER NY 11792 USA,"172 SECTION C BLOCK Y GROVE EAST BANK DEMERARA, GUYANA GUY",11792,3,SMLU7956741 GLDU7382483 GESU5501036, ,473,PCS,0, ,SMLU5467960A, , ,61,471693 G2338666 471694 G2338661 471695 G2338659,PORTUGAL, ,SMLU,SEABOARD MARINE LTD,MIAMI,FL,33166,8001 NW 79TH AVE,BRAUNER INTERNATIONAL CORP,66 YORK ST FL 2 JERSEY CITY NJ 07302-3839 USA,GEORGETOWN,Evergreen Forest Products,2018,NAZIR TROPICAL TIMBERS
"ROUND GREENHEART PILES, ROUGH SAWN GREENHEARTLUMBER","WOODS DIRECT INTERNATIONAL, LLC",WOODS DIRECT INTERNATIONAL LLC,WOODS DIRECT,2017-06-28 00:00:00,374950,170432,Demerara,"New London, Connecticut",MCP PACHNA,Guyana,NM,"16877 EAST COLONIAL DRIVE # 305, ORLANDO, FLORIDA 32820 U.S.A",48 COVENT GARDEN EAST BANK DEMERARA GUYANA,32820,1,NC, ,200,PCS,0, ,SOAI306GTWNWL001, , ,30617, ,CYPRUS, ,SOAI,SOREIDOM,LE ROBERT, ,97231,Z1 ROBERT,B.N.A.,"1001 S. MYRTLE AVENUE # 1, CLEARWATER, FLORIDA 33756 U.S.A",GEORGETOWN GUYANA,Woods Direct International,2017,WOODS DIRECT INC
PINE FJ EG PANELS,BRIDGEWELL RESOURCES LLC,BRIDGEWELL RESOURCES LLC,RODOLFO KIRSCHNER & CIA. LTDA,06/26/2015,48347,21976,Navagantes,"Baltimore, Maryland",PORTUGAL,Brazil,RODOLFOKIRSCHNERBRASILPO 00738546 BALTIMORE,10200 SW GREENBURG RD TIGARD OR 97223 US,"RUA LEOPOLDO KOPROWSKI , 949 ALTO BENEDITO NOVO BENEDITO NOVO 89124000 BR",97223,1,MSCU7124680,4510,27,BDL,45,X,FTNVIJS000007636,H,MSCUJ3993878,522R,MSCFEJ5400831,LIBERIA, ,FTNV,FEDEX TRADE NETWORKS TRANSPORT & BROKERAGE INC,BUFFALO,NY,14207,128 DEARBORN STREET,-NOT AVAILABLE-, ,BR,Bridgewell Resources,2015,RODOLFO KIRSCHNER & CIA. LTDA
PCS STB 45 PCS GREENHEART 35 PCS WAMARADAN LUMBER EFP INVOICE 173 PCS WAMARADAN LUMBER EFP INVOICE 176 PCS WAMARADAN LUMBER EFP INVOICE 176 PCS STB 522 PCS KABUKALLI 91 PCS GREENHEART LUMBER EFP INVOICE 174 PCS STB 32 PCS KABUKALLI 1 PC TATABU 2 PCS GREENHEART LUMBER EFP INVOICE 172 PCS STB 9 PCS GREENHEART 26 PCS WAMARADAN LUMBER EFP INVOICE 172,EVERGREEN FOREST PRODUCTS INC,EVERGREEN FOREST PRODUCTS INC,EVERGREEN FOREST PRODUCTS INC.,2022-10-18 00:00:00,293501,133410,Port Bustamante,"New York, New York",AS PAULINE,Jamaica,NO MARKS NO MARKS NO MARKS NO MARKS NO MARKS NO MARKS NO MARKS NO MARKS NO MARKS NO MARKS NO MARKS NO MARKS NO MARKS NO MARKS NO MARKS NO MARKS NO MARKS NO MARKS NO MARKS NO MARKS NO MARKS,578 SOUND AVE PO BOX 922 WADING RIVER NY 11792 USA,67 SECTION A BLOCK X GREAT DIAMOND EAST DEMERARA GUYANA GUY,11792,6,SMLU7830579 SMLU7912701 SMLU7919373 SMLU7915001 SMLU7936010 FCIU8594320,4510 4510 4510 4510 4510 4510,816,PCS,0, ,SMLU7347554A, , ,34,597919 G3112566 597946 G3112573 597945 G3112572 597929 G3112553 597937 G3112551 597954 G3112552,LIBERIA, ,SMLU,SEABOARD MARINE LTD,MIAMI,FL,33166,8001 NW 79TH AVE,BRAUNER INT'L GROUP,146-35 167TH ST STE 202 JAMAICA NY 11434 USA,GEORGETOWN,Evergreen Forest Products,2022,EVERGREEN FOREST PRODUCTS INC
STERILIZED CLEAN NIGER SEED ONLY FOR BIRD FEED AND NOT FOR HUMAN CONSUMPTIONSTERILIZED CLEAN NIGER SEED ONLY FOR BIRD FEED AND NOT FOR HUMAN CONSUMPTIONSTERILIZED CLEAN NIGER SEED ONLY FOR BIRD FEED AND NOT FOR HUMAN CONSUMPTION,BRIDGEWELL RESOURCES LLC,BRIDGEWELL RESOURCES LLC,SHAH NANJI NAGSI EXPORTS PVT LTD,03/14/2011,168907,76776,Colombo,"New York, New York",PRESIDENT JACKSON,Sri Lanka,NO MARKS NO MARKS NO MARKS,"12420 SE CARPENTER DRIVE, FOOD & AG PRODUCTS DIVISION CLACKAMAS OR 97015 USA","ANAJ BAZAR, ITWARI NAGPUR 440 002 INDIA",97015,3,TRLU6387975 CLHU4411531 APZU4803885, ,741,BAG,0, ,SWLVSWLNHS0205F1,H,APLU054448921,218,123990 122846 123944,UNITED STATES,00 - Consumption Category,SWLV,SAFEWATER LINES (INDIA) PRIVATE LIMITED,MUMBAI, ,400001,195 4TH FL SAHEB BLDG D N RD FORT,TOTAL LOGISTICS RESOURCES, ,"NAGPUR, INDIA",Bridgewell Resources,2011,SHAH NANJI NAGSI EXPORTS PVT.LTD.
PCS GREENHEART LUMBER AND SQUARES (INV # 351) PCS 25FT GREENHEART PILES (INV# 352) PCS GREENHEART LUMBER (INV# 354) PCS 30FT GREENHEART PILES (INV# 353),EVERGREEN FOREST PRODUCTS INC,EVERGREEN FOREST PRODUCTS INC,NAZIR TROPICAL TIMBERS,2019-03-19 00:00:00,181329,82422,Port Bustamante,"New York, New York",EMS TRADER,Jamaica,NO MARKS NO MARKS NO MARKS NO MARKS NO MARKS NO MARKS NO MARKS NO MARKS,578 SOUND AVE PO BOX 922 WADING RIVER NY 11792 USA,"172 SECTION C BLOCK Y GROVE EAST BANK DEMERARA, GUYANA GUY",11792,4,CAIU8982858 SMLU7889258 SMLU7838630 SMLU7865071, ,441,PCS,0, ,SMLU5579921A, , ,66,368275 G2369341 368272 G2369340 368274 G2369334 368273 G2369337,PORTUGAL, ,SMLU,SEABOARD MARINE LTD,MIAMI,FL,33166,8001 NW 79TH AVE,BRAUNER INTERNATIONAL CORP,66 YORK ST FL 2 JERSEY CITY NJ 07302-3839 USA,GEORGETOWN,Evergreen Forest Products,2019,NAZIR TROPICAL TIMBERS
PCS 25FT GREENHEART PILES (INV# 216) CONTAINER CHECKED BY JAMAICAN CUSROMS HENCE SEAL CHANGES,EVERGREEN FOREST PRODUCTS INC,EVERGREEN FOREST PRODUCTS INC,NAZIR TROPICAL TIMBERS,2017-12-26 00:00:00,42409,19277,Port Bustamante,"New York, New York",HERMANN HESSE,Jamaica,NO MARKS NO MARKS NO MARKS NO MARKS,578 SOUND AVE PO BOX 922 WADING RIVER NY 11792 USA,"172 SECTION C BLOCK Y GROVE EAST BANK DEMERARA, GUYANA GUY",11792,1,SMLU7856125, ,50,PCS,0, ,SMLU5060015A, , ,57,427012 G1928016,LIBERIA, ,SMLU,SEABOARD MARINE LTD,MIAMI,FL,33166,8001 NW 79TH AVE,BRAUNER INTERNATIONAL CORP,66 YORK ST FL 2 JERSEY CITY NJ 07302-3839 USA,GEORGETOWN,Evergreen Forest Products,2017,NAZIR TROPICAL TIMBERS
1 FLEXITANK 17.720 KG CRUDE ORGANIC HO SUNFLOWEROIL,BRIDGEWELL RESOURCES LLC,BRIDGEWELL RESOURCES LLC,CARE NATURKOST GMBH + CO,02/12/2013,39,18,Rotterdam,"Los Angeles, California",MOL EXPRESS,Netherlands,N/M,"10200 SW GREENBURG RD., SUITE 500 TIGARD OR 97223 MAIN P: 001.503.872.3566 1-5032311166 TEL EX 1-503238 26",AM MARKT 9 D 27419 SITTENSEN 49-428293240 TEL EX 49-42829 32,97223,1,MRKU8231864,2CB0,1,UNT,0,CM,MAEU865010494, , ,068W,SK2154286 TSK2154286,PANAMA, ,MAEU,MAERSK LINE,MADISON,NJ,07940-0880,"2 GIRALDA FARMS, MADISON AVE.",BRIDGEWELL RESOURCES LLC,"10200 SW GREENBURG RD., SUITE 500 TIGARD OR 97223 MAIN P: 001.503.872.3566 1-5032311166 TEL EX 1-503238 26",ROTTERDAM,Bridgewell Resources,2013,CARE NATURKOST GMBH + CO
"12 PACKAGES WITH 6.678 PIECES OF CLEAR KD TADA AND PARANA PINE FJ PRIMED MOULDINGS CONTRACT NR: PO-00670264 SHIPPED ON BOARD FREIGHT PREPAID HTS # 4409.10.40.10 HS CODE: 440910 INCOTERM: CFR NCM: 4418200099 NALADI: 441820 THE SOLID WOOD PACKAGING MATERIALS IN THIS SHIPMENT ARE TOTALLY FREE FROM BARK AND APPARENTLY FREE FROM LIVE PLANT PEST THE REGULATED WOOD PACKING MATERIAL HAS BEEN TREATED IN ACCORDANCE WITH THE USDA REQUIREMENTS ITEMS INDICATED AS FSC 100% ARE IN ACCORDANCE WITH THE FOLLOWING SPECIFICATIONS: PRODUCTS FSC - 1 ARE FROM FORESTS WITH FORESTRY MANAGMENT FSC-100% RA-COC-001878 ITEMS INDICATED AS FSC MIXED ARE IN ACCORDANCE WITH THE FOLLOWING SPECIFICATIONS: PRODUCTS FSC - 2 ARE FROM WELL MANAGED FORESTS AND OTHER CONTROLLED SOURCES FSC MIXED CREDIT RA-COC-001878 R. E. NO.: 13 0031640-001 TO 002 DDE: 2130026433 0 INVOICE: 1073 12 NET WEIGHT: 20.900,000 KGS CONTINUATION CONSIGNEE: E-MAIL: TSANDBERG@BRIDGEWELLRES.COM CONTINUATION NOTIFY: E-MAIL: MAC@RICHARD-MURRAY.COM ALSO NOTIFY: BRIDGEWELL RESOURCES LLC 10200 SW GREENBURG RD. PORTLAND, OR, 97223, U.S.A. ATTN: TIA SANDBERG PHONE: (800) 784-3545 FAX: (503) 238-2664 E-MAIL: TSANDBERG@BRIDGEWELLRES.COM SPA 073",BRIDGEWELL RESOURCES LLC,BRIDGEWELL RESOURCES LLC,ARAUPEL S A,02/14/2013,45980,20900, ,"Baltimore, Maryland",MIRAMARIN, ,ARAUPEL PO-00670264 BALTIMORE JAMBS PRIMED S4S FSC - 1 PACKAGES NBS 10 AND 13 TO 14 JAMBS PRIMED S4S FSC - 2 PACKAGES NBS 2 TO 3 AND 5 TO 9 AND 11 TO 14 { NCM -------------} TCKU9349191 1 44182000 {-NCM--------------},"10200 SW GREENBURG RD. PORTLAND, OR, 97223, U.S.A. ATTN: TIA SANDBERG PHONE: (800) 78 FAX: (503) 238-2664 TIGARD OR 97223 US","RUA GEN. CAMARA, 243 - 6O ANDAR 90010-230 - PORTO ALEGRE - RS - BR PHONE: 55 51 3221-7344 FAX: 55 51 8022 CNPJ: 87102810001028 PORTO ALEGRE RS 90010230 BR",97223,1,TCKU9349191,4500,12,PCS,0, ,CHIWPBGB16R00, , ,0302N,LT660488,MALTA, ,CHIW,COMPANIA SUD AMERICANA DE VAPORES S A,VALPARAISO, , ,P O BOX 49 V,RICHARD MURRAY & SONS,"109 NORTH CONCEPTION ST. P.O. BOX MOBILE, AL, 36601, U.S.A. ATTN: MAC PHILLIPS PHONE: (251) 41 FAX: (251) 432-2810 MOBILE AL 36602 US",NAVEGANTES (SANTA,Bridgewell Resources,2013,ARAUPEL S/A
NET WEIGHT 23.040 KGS 24 PALLET WITH URUGUAYAN PINE K/D BLANKS S2S PCS 3499 MBF 20.644 CBM 48.730 ORDER NR. 00666280 WOOD PACKING MATERIALS BEING USED ARE FREE OF BARK & APPARENTLY FREE FROMLIVE PLANT PEST,BRIDGEWELL RESOURCES, ,DANK S.A.,03/25/2013,51480,23400,Balboa,"Oakland, California",KAETHE C. RICKMERS,Panama,NO MARKS NO MARKS NO MARKS NO MARKS NO MARKS,"10200 SW GREENBURG RD., STE. 500, T TIGARD OR 97223 UNITED STATES",JUAN PAULLIER 1671 MONTEVIDEO 11200 URUGUAY,97223,1,CLHU8166047,4510,24,BOX,48,X,MSCUUU100550, , ,307A,UYMVD0001240,MARSHALL ISLANDS, ,MSCU,MSC-MEDITERRANEAN SHIPPING COMPANY S A,GENEVA, ,CH 1206,40 AVENUE EUGENE PITTARD,BRIDGEWELL RESOURCES,"10200 SW GREENBURG RD., STE. 500, T TIGARD OR 97223 UNITED STATES",MONTEVIDEO,Bridgewell Resources,2013,DANK S.A.
FREIGHT COLLECT ROUGH SAWN GREENHEART LUMBER - 8030 BM/18.94C,EVERGREEN FOREST PRODUCTS INC,EVERGREEN FOREST PRODUCTS INC,VARIETY WOODS GREENHEART LTD,2024-12-03 00:00:00,62436,28380,Port Bustamante,"New York, New York",MARFRET GUYANE,Jamaica,EFPI PO 55634/55637 / 55640/55644/POG/ WAXED ENDS,"PO BOX 922 578 SOUND AVENUE WADING RIVER, NY 11792 TE UNITED STATES",99 LALUNI STREET QUEENSTOWN GEORGETOWN TE GUYANA,11792,1,CMAU4716723,4500,54,PCS,0,CM,CMDUCUY0113259, , ,0UAIZ,C7696482 CETO176172,FRANCE, ,CMDU,COMPAGNIE MARITIME D-AFFRETEMENT,NORFOLK,VA,23502,5701 LAKE WRIGHT DR,EVERGREEN FOREST PRODUCTS INC,"PO BOX 922 578 SOUND AVENUE WADING RIVER, NY 11792","GEORGETOWN, GY",Evergreen Forest Products,2024,VARIETY WOODS GREENHEART LTD
ORGANIC EXTRA VIRGIN COCONUT OIL HS CODE: 1513.19.10 TOTAL NET WEIGHT: 72.00 MTS TOTAL GROSS WEIGHT: 75.92 MTS ORGANIC EXTRA VIRGIN COCONUT OIL HS CODE: 1513.19.10 TOTAL NET WEIGHT: 72.00 MTS TOTAL GROSS WEIGHT: 75.92 MTS ORGANIC EXTRA VIRGIN COCONUT OIL HS CODE: 1513.19.10 TOTAL NET WEIGHT: 72.00 MTS TOTAL GROSS WEIGHT: 75.92 MTS ORGANIC EXTRA VIRGIN COCONUT OIL HS CODE: 1513.19.10 TOTAL NET WEIGHT: 72.00 MTS TOTAL GROSS WEIGHT: 75.92 MTS,BRIDGEWELL RESOURCES LLC,BRIDGEWELL RESOURCES LLC,"LUONG QUOI COCONUT CO., LTD",11/29/2015,167024,75920,Xiamen,"Long Beach, California",HONG KONG BRIDGE,China,NO MARKNO MARKNO MARKNO MARK,12420 SE CARPENTER DRIVE - CLACKAMAS OR 97015,"AN HIEP INDUSTRIAL PARK, CHAU THANH DISTRICT, BEN TRE PROVINCE, VIETNAM FDA REGISTRATION #: 18761957766",97015,4,CAIU2587542 CAIU2925418 TRHU2112225 FCIU4948046,2CG0 2CG0 2CG0 2CG0,80,PKG,100,CM,ASQN114805,H,HJSCSGN532203600,0035E,HE554828 HE554862 HE554868 HE554834,SINGAPORE, ,ASQN,ASL LOGISTICS INC,HACIENDA HEIGHTS,CA,91745,2440 S HACIENDA BLVD #101,TLR TOTAL LOGISTICS RESOURCE,"ATTN: MARGARET MOWERY 11855 NE GLENN WIDING DR. PORTLAND, OR 97220",HO CHI MINH,Bridgewell Resources,2015,"LUONG QUOI COCONUT CO., LTD"
"COCONUT OIL IN DRUMS 1 X 20' DRY CONTAINER VAN CONTAINING 15.20 MT OF CERTIFIED ORGANIC RBD COCONUT OIL, NOP CERTIFIED, PH-BIO-154 PACKED IN NEW STEEL DRUMS AS PER SPECIFICATIONS OF SC GLOBAL COCO PRODUCTS, INC. . NET WEIGHT 15.20 MT THE SAME THE SAME THE SAME THE SAME",BRIDGEWELL RESOURCES LLC,BRIDGEWELL RESOURCES LLC,"SC GLOBAL COCO PRODUCTS, INC.",04/23/2015,35904,16320,Kaohsiung,"Los Angeles, California",EVER SMILE,China Taiwan,"ORGANIC RBD COCONUT OIL ORGANIC RBD COCONUT OIL LOT NO. 064 150311 008 MFG. DATE 11/MARCH/2015 NET WEIGTH 190 KG. INGREDIENTS ORGANIC COCONUT OIL STORAGE CONDITIONSCOOL ( 70 F/21 C) DO NOT EXPOSE TO OXYGEN, HEAT,LIGHT AND MOISTURE MANUFACTURED IN PHILIPPINES","10200 SW GREENBURG RD., STE 500 TIG ARD, OR 97223 USA TRL 503-872-3566 LOCAL 800-570-3566 TOLL FREE","NATIONAL HIGHWAY, BRGY. CARIDAD, BAYBAY CITY, LEYTE PHILIPPINES 6521",97223,1,EITU0360356,22G1,80,DRM,25,X,EGLV061500006158, , ,0765E,EMCEHM9993,UNITED KINGDOM, ,EGLV,EVERGREEN LINE,TAOYUAN HSIEN 338, , ,NO 163 SEC 1 HSIN-NAN ROAD LUCHU HSIAN,BRIDGEWELL RESOURCES FOOD & AG,"PRODUCTS DIVISION 12420 SE CARPENTER DR CLACKAMAS, OR LOCAL 800-570-3566 TOLL FREE",CEBU,Bridgewell Resources,2015,"SC GLOBAL COCO PRODUCTS, INC."
ROUGH SAWN GREENHEART LUMBER 12 X 12 - 16- TO 18- FREIGHT COLLECT ALL LOCAL CHARGES AT DESTINATION FOR CONSIGNEE-S ACCOUNTSAID TO BE SAID TO WEIGH,EVERGREEN FOREST PRODUCTS INC.,EVERGREEN FOREST PRODUCTS INC,TOOLSIE PERSAUD LIMITED,2012-01-30 00:00:00,50210,22823,Port Bustamante,"New York/Newark Area, Newark, New Jersey",ZIM MEDITERRANEAN,Jamaica,NO MARKS NO NUMBERS,P.O. BOX 922 578 SOUND AVENUE WADIN G RIVER NY 11792 U.S.A,1-4 -10-12 LOMBARD STREET GEORGETO WN GUYANA,11792,1,ZCSU8331216,4500,38,PCS,19,CF,ZIMUGTG04525, , ,40W,ZZC163682/,ISRAEL,00 - Consumption Category,ZIMU,ZIM ISRAEL NAVIGATION CO LTD,HAIFA, , , ,SAME AS CONSIGNEE, ,GEORGETOWN,Evergreen Forest Products,2012,TOOLSIE PERSAUD LTD
POPLAR CORE PLYWOODPOPLAR CORE PLYWOODPLYWOODPOPLAR COREBIRCH FACE AND BACK,BRIDGEWELL RESOURCES LLC,BRIDGEWELL RESOURCES LLC,"JIAXING GSUN IMP. & EXP. CO.,LTD.",07/12/2012,114400,52000,Colon,"Baltimore, Maryland",SANTA PELAGIA,Panama,648813 648813 648813 648814 THE SAME,10200 SW GREENBURG RD SUITE 500 TIGARD OREGON 97223 U.S.A. TEL:503.872.3566,ROOM 507 OFFICE BUILDING NO.534 HONGXING ROAD JIAXING ZHEJIANG CHINA TEL:+86-573-83639876,97223,2,BMOU4769485 LTIU8016105,45G0 45G1,36,CRT,104,CM,EGLV140200390941, , ,0631E,EMCDCB1731 EMCDCB0571,GERMANY,00 - Consumption Category,EGLV,EVERGREEN LINE,TAOYUAN HSIEN 338, , ,NO 163 SEC 1 HSIN-NAN ROAD LUCHU HSIAN,BRIDGEWELL RESOURCES LLCRICHARD MURRAY, ,"QINGDAO, CHINA",Bridgewell Resources,2012,"JIAXING LAYO IMP.&EXP.GROUP CO.,LTD"
"OKOUME DOORSKINS2 PLY OKOUME DOORSKINS ON MDF BOARD,2.7 MM +/- 5/1000 D JPICGRADE,TYPE II,MR GLUE,PCS WID LEN SQFT750 24.5' 80.5' 10,272.14750 28.5' 80.5' 11.949.222,250 30.5' 80.5' 38,363.28750 32.5' 80.5' 13,626.30",BRIDGEWELL RESOURCES LLC,BRIDGEWELL RESOURCES LLC,"METRO PANEL CO.,LTD.",06/14/2012,39996,18180,Kaohsiung,"Tacoma, Washington",EVER UNION,China Taiwan,"BW / 00647121 BW / 00647121 MINNEAPOLIS,MN,USA PRODUCT OF THAILAND BARK FREE AND APPARENTLY PEST FREE CRTS 1-21 THE SAME THE SAME THE SAME THE SAME THE SAME THE SAME THE SAME THE SAME THE SAME","ATTN : TIA SANDBERG 10200 SW GREENBURG RD. PORTLAND,OR 97223 PH : 503-872-3535 FX : 503-238-2664","39/3 MOO4,RICHUPHAN ROAD, SAI YAI,SAI NOI, NONTHABURI 11150 THAILAND TEL.(662) 5266212-7",97223,1,EMCU3398087,22G1,5250,PCS,25,CM,EGLV050200294063, , ,0243E,EMCDQQ8891,PANAMA,61 - Immediate Transportation,EGLV,EVERGREEN LINE,TAOYUAN HSIEN 338, , ,NO 163 SEC 1 HSIN-NAN ROAD LUCHU HSIAN,BRIDGEWELL RESOURCES LLCRICHARD MURRAY & CO., ,BANGKOK,Bridgewell Resources,2012,"METRO PANEL CO.,LTD."
27 VOLUMS WITH: MOLDED PINE WOOD FOR MOULDINGS SPLIT JAMBS RAW SHIPPED ON BOARD FREIGHT PREPAID RE: 13 0252841-001 SD: 2130205845 2 NCM: 44189000,BRIDGEWELL RESOURCES, ,LINEA PARANA MADEIRAS LTDA.,04/12/2013,48400,22000, ,"Savannah, Georgia",MSC ORIANE, ,BRIDGEWELL RESOURCES SAVANNAHP.OS.: 123406_669299 { NCM -------------} FCIU8009642 1 44189000 {-NCM--------------},"10200 SW GREENBURG RD. PORTLAND, OR 97223 PHONE: 503 872-3535 FAX: 503 238 TSANDBERG@BRIDGEWELLRES.COM TIGARD OR 97223 US","RUA VITORIO GIRARDI, 100 SENGES - PARANA - BRASIL PHONE: (43) 3567-8300 FAX: (43) 35 8340 CNPJ: 81.713.513 0001-41 SENGES PR 84220000 BR",97223,1,FCIU8009642,4500,27,PCS,0, ,CHIWPBGB6BB90,H,CHIWPBGB6BB00,0309N,LT667174,PANAMA, ,CHIW,COMPANIA SUD AMERICANA DE VAPORES S A,VALPARAISO, , ,P O BOX 49 V,BRIDGEWELL RESOURCES,"10200 SW GREENBURG RD. PORTLAND, OR 97223 PHONE: 503 872-3535 FAX: 503 238 TSANDBERG@BRIDGEWELLRES.COM TIGARD OR 97223 US",NAVEGANTES (SANTA,Bridgewell Resources,2013,G13 MADEIRAS LTDA
22 PALLET (S) WITH URUGUAYAN PINE K/D BLANKSS2S PCS 6138 MBF 22.386 CBM 52.840 ORDER NR. 613273 NET WEIGHT 25.020 KGS WOOD PACKING MATERIALS BEING USED ARE FREE OF BARK & APPARENTLY FREE FROMLIVE PLANT PEST DUA 501635,BRIDGEWELL RESOURCES, ,DANK S.A.,02/09/2011,55770,25350,Montevideo,"Charleston, South Carolina",LIMARI,Uruguay,NO MARKS SAME SAME SAME SAME,PO BOX 23711 PORTLAND OR 97256 UNITED STATES,JUAN PAULLIER 1671 MONTEVIDEO 11200 URUGUAY,23711,1,MEDU8605731,4510,22,BOX,52,CM,MSCUU1318130, , ,1049N,7423264,LIBERIA,00 - Consumption Category,MSCU,MSC-MEDITERRANEAN SHIPPING COMPANY S A,GENEVA, ,CH 1206,40 AVENUE EUGENE PITTARD,BRIDGEWELL RESOURCES, ,MONTEVIDEO,Bridgewell Resources,2011,DANK S.A.
WOODEN FURNITURE PARTSWOODEN FURNITURE PARTS - HARMONIZEDCODE - 9403.90.7000,BRIDGEWELL RESOURCES LLC.,BRIDGEWELL RESOURCES LLC,OOO 'TRANSLESSERVICE',09/21/2012,41602,18910,Rotterdam,"Norfolk, Virginia",SANTA PAOLA,Netherlands,NO MARKS NO MARKS THE SAME,"10200 SW GREENBURG RD., SUITE 500 TIGARD, OR 97223 CONTACT: TIA SANDBERG","42 PAVLOVSKAYA STR. KOLPINO, 196653, RUSSIA TEL: +7-812-966-2300",97223,1,EISU9898375,45G1,25,PKG,30,CM,EGLV507200018069, , ,0154W,1954122,LIBERIA,61 - Immediate Transportation,EGLV,EVERGREEN LINE,TAOYUAN HSIEN 338, , ,NO 163 SEC 1 HSIN-NAN ROAD LUCHU HSIAN,"RIVVA (USA), INC.", ,ST. PETERSBURG,Bridgewell Resources,2012,OOO 'TRANSLESSERVICE'
URUGUAYAN PINE TOTAL 18 PACKAGES WITH URUGUAYAN PINE K/D BLANKS S2S PCS 5822 MBF 35.136 CBM 82.880 URUGUAYAN PINE ORDER NR 739903/ 739905 WOOD PACKING MATERIALS BEING USED ARE FREE OF BARK & APPARENTLY FREE FROMLIVE PLANT PEST,BRIDGEWELL RESOURCES, ,DANK S.A.,06/08/2015,87450,39750,Montevideo,"Houston, Texas",CHACABUCO,Uruguay,NO MARKS . . . . . . .. . . . . .NO MARKS,"10200 SW GREENBURG RD.,STE.500, TIGARD,OR 97223-EE.UU. PH 5038723535 OR 8007843545 FX 5032382664",JUAN PAULLIER 1671 MONTEVIDEO-URUGUAY PH.59824099999 FX.59824088056,97223,2,TGHU8553170 FSCU9979650,4500 4510,18,PCS,0, ,HLCUMVD150402807, , ,1515N,HLD0416187LD0416187 HLD0416158 LD0416158,LIBERIA, ,HLCU,HAPAG LLOYD A G,HAMBURG, , ,399 HOES LN,RICHARD MURRAY & CO. INC.,"109N CONCEPTION STREET 102 MOBILE,AL36602 INGE WENTWORTH P 2514325549 EXT.19 F 2514322810 INGERICHARD-MURRAY.COM","MONTEVIDEO, UY",Bridgewell Resources,2015,DANK S.A.
"DRESSED GREENHEART LUMBER S4S, E4E FREIG HT COLLECT ALL LOCAL CHARGES AT DESTINATI ON FOR CONSIGNEE'S ACCOUNT SAID TO BE SAI D TO WEIGH",WILLIAM G. MOORE & SON INC,WILLIAM G. MOORE & SON INC,DURABLE WOOD PRODUCTS ENTERPRISES,2015-11-08 00:00:00,16840,7655,Port Bustamante,"New York/Newark Area, Newark, New Jersey",AENEAS,Jamaica,WGM 8404 POG,"OF DELAWARE 218 SCHANCK ROAD, PO BO X 6309 FREEHOLD, NEW JERSEY 07728 U SA TEL:17323036049 FAX:17323036075",81 STONE AVENUE SECTION M CAMPBELLV ILLE GEORGETOWN GUYANA,7728,1,GVDU2043419,2200,875,PCS,0,CF,ZIMUGTG09132, , ,3W,ZZCK99519CTA319019,LIBERIA, ,ZIMU,ZIM ISRAEL NAVIGATION CO LTD,HAIFA, , , ,WOODS DIRECT INTERNATIONAL LLC,16877 EAST COLONIAL DR. # 305 ORLAN DO FL 32820 USA TEL:14079823328 FAX :14075443411,GEORGETOWN,William G. Moore & Son,2015,DURABLE WOOD PRODUCTS ENT.
GRADE A CLEAR TAEDA PINE FJ BLANKS,BRIDGEWELL RESOURCES LLC,BRIDGEWELL RESOURCES LLC,REFLORESTADORES UNIDOS S/A,04/25/2010,55440,25200,Itajay,"Houston, Texas",MSC NATAL,Brazil,MADE IN BRAZIL,10200 SW GREENBURG ROAD PO BOX 23711 TIGARD OR 97281 US,RS 020 KM 47 95480 - VILA UNIDOS CAMBARA DO SUL RS BR 5554 244 1810,23711,1,CLHU8515257, ,20,PKG,0, ,CEVVEASY5037279A,H,MSCUIJ830745,038R,MSC565544,LIBERIA,00 - Consumption Category,CEVV,CEVA OCEAN LINE (NVOCC),LA GRANGE,IL,60525-8395,POST OFFICE BOX 2295, , ,ITAJAI,Bridgewell Resources,2010,REFLORESTADORES UNIDOS S/A
70--73-ROUND GREENHEART PILE572 LINEAL FEET,"WILLIAM G MOORE & SON, INC OF DELAW", ,VARIETY WOODS & GREENHEART LIMITED,2010-11-09 00:00:00,24618,11190,Demerara,"Philadelphia, Pennsylvania",BALTIC SEA,Guyana,PURCHASE ORDER # 772 WGM / 7725 / P.O. GREY ENDS,"218 SCHANCK ROAD PO BOX 6309 FREEHOLD, NJ 07728 732-303-6049","99 LALUNI STREET QUEENSTOWN GEORGETOWN, GUYANA",7728,1,NC, ,8,PCS,10,CM,SOAI009GEOGLO025, , ,910, ,NORWAY,00 - Consumption Category,SOAI,SOREIDOM,LE ROBERT, ,97231,Z1 ROBERT,"WILLIAM G MOORE & SON, INC OF DELAW", ,GEORGETOWN,William G. Moore & Son,2010,VARIETY WOODS GREENHEART LTD
STERILIZED CLEAN NIGER SEED,BRIDGEWELL RESOURCES LLC,BRIDGEWELL RESOURCES LLC,SHAH NANJI NAGSI EXPORTS PVT. LTD.,11/17/2010,42280,19218,Pusan,"Portland, Oregon",HANJIN LONDON,South Korea,NO MARKS,12420 SE CARPENTER DRIVE FOOD & AG PRODUCTS DIVISION CLACKAMAS OR 97015 USA,"ANAJ BAZAR, ITWARI, NAGPUR 440 002 INDIA",97015,1,DFSU2384193, ,844,BAG,0, ,WWOLNAGPTLD70911,H,HJSCBOM006959200,111E,H464974 188103,"KOREA, REPUBLIC OF",00 - Consumption Category,WWOL,WORLDWIDE OCEAN LINE,MAYWOOD,NJ,7607,"25 E SPRING VALLEY AVENUE, STE 100",TOTAL LOGISTICS RESOURCES, ,"NHAVA SHEVA, INDI",Bridgewell Resources,2010,SHAH NANJI NAGSI EXPORTS PVT.LTD.
"GREENHEART SQUARES 18,000 BM",EVERGREEN FOREST PRODUCTS INC.,EVERGREEN FOREST PRODUCTS INC,NAZIR TROPICAL TIMBERS,2016-02-18 00:00:00,108000,49091,Linden,"New York/Newark Area, Newark, New Jersey",OSLO BULK 4,Guyana,NO MARKS,P.O. BOX 922 578 SOUND AVENUE WADING RIVER NY 11792 US,172 SECTION C BLOCK Y GROVE EAST BANK DEMERARA GY,11792,1,NC, ,30,PCS,0,CF,OBUKOB408021602, , ,43, ,SINGAPORE, ,OBUK, , , , , ,BRAUNER INTERNATIONAL CORP,66 YORK ST 2ND FLOOR JERSEY CITY NJ 07302 US, ,Evergreen Forest Products,2016,NAZIR TROPICAL TIMBERS
PCS ROUGH SAWN WASHIBA LUMBER PCS GREENHEART PILES PCS GREENHEART PILES,EVERGREEN FOREST PRODUCTS INC,EVERGREEN FOREST PRODUCTS INC,NAZIR TROPICAL TIMBERS,2016-10-04 00:00:00,127739,58063,Haina,"New York, New York",CONTI ELEKTRA,Dominican Republic,NO MARKS NO MARKS NO MARKS,578 SOUND AVE PO BOX 922 WADING RIVER NY 11792 USA,"172 SECTION C BLOCK Y GROVE EAST BANK DEMERARA, GUYANA GUY",11792,3,SMLU7918211 TCNU6810370 TCNU7018054, ,314,PCS,0, ,SMLU4613225A, , ,6,G1927175 CTA262611 G1927161 CTA362612 G1927160 CTA362613,LIBERIA, ,SMLU,SEABOARD MARINE LTD,MIAMI,FL,33166,8001 NW 79TH AVE,BRAUNER INTERNATIONAL CORP,66 YORK ST JERSEY CITY NJ 07302-3838 USA,GEORGETOWN,Evergreen Forest Products,2016,NAZIR TROPICAL TIMBERS
GREENHEART PILES - 1380 LINEAR FEET (CHL OROCARDIUM RODIEI) GREENHEART PILES - 1090 LINEAR FEET (CHL OROCARDIUM RODIEI),EVERGREEN FOREST PRODUCTS INC.,EVERGREEN FOREST PRODUCTS INC,TRADE-LINC,2013-07-08 00:00:00,47440,21564,Port Bustamante,"New York/Newark Area, Newark, New Jersey",ZIM BEIJING,Jamaica,NO MARKS NO NUMBERS NO MARKS NO NUMBERS,578 SOUND AVENUE P.O. BOX 922 WADIN G RIVER NY 11792 USA TEL:631-929-31 97,37 AREA Q TURKEYEN EAST COAST DEME RARA GUYANA,11792,2,BSIU9117588 ZCSU8744919,4500 4500,89,PCS,40,CF,ZIMUGTG06278, , ,37W,CTA242504 ZZZC913650 CTA242505 ZZZC913679,LIBERIA, ,ZIMU,ZIM ISRAEL NAVIGATION CO LTD,HAIFA, , , ,SAME AS CONSIGNEE,NO ADDRESS,GEORGETOWN,Evergreen Forest Products,2013,TRADE-LINC
"'SHIPPER'S LOAD, COUNT & SEAL' (20CRATES) CY / CY FILM FACED PLYWOOD 1220X2440X18MM S/C: 1423023 SO# 2166437 - PO 720757 FREIGHT COLLECT",BRIDGEWELL RESOURCES LLC,BRIDGEWELL RESOURCES LLC,XUZHOU SHUNER IMPORT AND EXPORT,09/17/2014,57200,26000,Ching Tao,"Los Angeles, California",APL PHILIPPINES,China,PO#720757,10200 SW GREENBURG RD SUITE 500 TIGARD OREGON 97223 U.S.A. TEL:503.872.3566,"TRADE CO.,LTD GUANHU ROAD, PIZHOU CITY, JIANGSU CHINA",97223,1,HDMU6846050,45G0,20,CRT,0, ,HDMUQILA3225191, , ,0184E,HD2762462,UNITED STATES, ,HDMU,HYUNDAI MERCHANT MARINE,SEOUL, , ,879 W 190TH ST 7TH FL,BRIDGEWELL RESOURCES LLC,INTERNATIONAL WOOD PRODUCTS DIVISION 10200 SW GREENBURG RD SUITE 500,"QINGDAO, CHINA",Bridgewell Resources,2014,XUZHOU SHUNER IMPORT AND EXPORT
LUMBER TROPICAL HARDWOOD NES SAWN LENGTHWIS01X40HC WITH 17 BUNDLES JAMBS T E CLEAR FJ FLAT JAMBS PRIMED AND MOULDINGS AS PER PO - 721432.,BRIDGEWELL RESOURCES LLC,BRIDGEWELL RESOURCES LLC,INDUSFLORA PROD. FLORESTAIS,10/01/2014,47432,21560,Itajay,"Miami, Florida",NYK CLARA,Brazil,// //,10200 SOUTHWEST GREENBURG ROAD TIGARD OR 97223-5510 USA PH. 503 - 872 3565 LEONARD,LTDA. ROD. BR-282 KM 05 LAGES - SC - BRASIL. - CEP 88506-600,97223,1,YMLU8171301,45G0,17,BDL,0,CM,YMLUB951026271, , ,731N,8476,SINGAPORE, ,YMLU,YANG MING MARINE TRANSPORT CORP,TAIPEI, , , ,BRIDGEWELL RESOURCES LLC,10200 SOUTHWEST GREENBURG ROAD TIGARD OR 97223-5510 USA PH. 503 - 872 3565 LEONARD,NAVEGANTES Braz,Bridgewell Resources,2014,INDUSFLORA PRODUTOS FLORESTAIS LTDA
FREIGHT COLLECT ROUGH SAWN GREENHEART LUMBER - 8052BM/18.99CB,EVERGREEN FOREST PRODUCTS INC,EVERGREEN FOREST PRODUCTS INC,VARIETY WOODS GREENHEART LTD,2025-01-20 00:00:00,63162,28710,Port Bustamante,"New York, New York",MARFRET GUYANE,Jamaica,EFPI PO 55634/ 55637/55644/POG/ WAXED ENDS,"PO BOX 922 578 SOUND AVENUE WADING RIVER, NY 11792 TE UNITED STATES",99 LALUNI STREET QUEENSTOWN GEORGETOWN TE GUYANA,11792,1,TCNU7222160,4500,284,PCS,0,CM,CMDUCUY0113602, , ,0UAJB,C7698735 CETO187275,FRANCE, ,CMDU,COMPAGNIE MARITIME D-AFFRETEMENT,NORFOLK,VA,23502,5701 LAKE WRIGHT DR,EVERGREEN FOREST PRODUCTS INC,"PO BOX 922 578 SOUND AVENUE WADING RIVER, NY 11792","GEORGETOWN, GY",Evergreen Forest Products,2025,VARIETY WOODS GREENHEART LTD
"BALSAM,FIR,SPRUCE PULPWOOD,OTH12276 PIECES ON 44 PALLETSWITH URUGUAYAN PINE K D BLANKS S2STOTAL NET WEIGHT: 50,040 KGSORDER NR.: 00621063 00621064WOOD PACKING MATERIALS BEING USED ARE FREEOF BARK & APPARENTLY FREE FROMLIVE PLANTPESTBALSAM,FIR,SPRUCE PULPWOOD,OTHWOOD IN THE ROUGH, W N STRIPPED, OR ROUGHLY S",BRIDGEWELL RESOURCES, ,DANK S.A.,09/07/2011,111540,50700,Montevideo,"Charleston, South Carolina",CSAV LONQUEN,Uruguay,NO MARKS NO NUMBERS NO MARKS,"P.O. BOX 23711 TIGARD, OR 97281 PORTLAND - EE.UU",JUAN PAULLIER 1671 MONTEVIDEO-URUGUAY,23711,2,CLHU8509819 INKU2578670,4500 4500,12276,PCS,0, ,CHIWPCRA3TS00, , ,1128N,R0014627 R0014574,LIBERIA,00 - Consumption Category,CHIW,COMPANIA SUD AMERICANA DE VAPORES S A,VALPARAISO, , ,P O BOX 49 V,BRIDGEWELL RESOURCES, ,"MONTEVIDEO, URUGU",Bridgewell Resources,2011,DANK S.A.
"01 CONTAINER 40 HC S.L.A.C. CONTAINING: 16 VOLUMS WITH: MOLDED PINE WOOD FOR MOUL DINGS WM753 BASE RAW, 163E BASE RAW, LWM4 9 CROWN RAW, WM376 CSG RAW SHIPPED ON BOA RD FREIGHT COLLECT FREIGHT AS PER AGREEME NT EXPRESS RELEASE NCM:44189000 NET WEIGH T: 22000,00 KGS RE:13/1112906-001 SD:2130 861981/2",BRIDGEWELL RESOURCES, ,LINEA PARANA MADEIRAS LTDA.,09/17/2013,48501,22046,Portocel,"Baltimore, Maryland",MSC YOKOHAMA,Brazil,BRIDGEWELL RESOURCES,"10200 SW GREENBURG RD. PORTLAND, OR 97223 PH:503 872-3535 FX:503 238 -2664 97223 TSANDBERG@BRIDGEWELLR","RUA VITORIO GIRARDI, 100 SENGES - P ARANA - BRASIL FONE:(43) 3567-8300 / FAX: (43) 3567-8340 CNPJ:81.713.", ,1,ZCSU8352862,4500,16,PCS,1445,CF,ZIMUNVT1003405, , ,2S,ZZZS718732,LIBERIA, ,ZIMU,ZIM ISRAEL NAVIGATION CO LTD,HAIFA, , , ,BRIDGEWELL RESOURCES,"10200 SW GREENBURG RD. PORTLAND, OR 97223 PH:503 872-3535 FX:503 238 -2664 97223 TSANDBERG@BRIDGEWELLR",NAVEGANTES,Bridgewell Resources,2013,G13 MADEIRAS LTDA
"WITH URUGUAYAN PINE K/D BLANKS 'WOOD PAC KING MATERIALS BEING USED ARE FREE OF BAR K AND APPARENTLY FREE FROMLIVE PLANT PEST ' 2ND NOTIFY RICHARD MURRAY AND CO. INC. 109N CONCEPTION STREET 102 MOBILE,AL36602 INGE WENTWORTH P:2514325549 EXT.19 F:251 4322810 INGE@RICHARD-MURRAY.COM",BRIDGEWELL RESOURCES, ,DANK S.A.,03/11/2015,23520,10691,Portocel,"Houston, Texas",MSC ANNICK,Brazil,NO MARKS NO NUMBERS,"10200 SW GREENBURG RD.,STE.500, TI GARD,OR 97223-EE.UU. PH:5038723535 OR 8007843545 FX:5032382664",JUAN PAULLIER 1671 MONTEVIDEO-URUG UAY PH.59824099999 FX.59824088056,97223,1,ZCSU8698388,4500,12,PKG,0,CF,ZIMUMVD900700, , ,9S,ZZZS609869,PANAMA, ,ZIMU,ZIM ISRAEL NAVIGATION CO LTD,HAIFA, , , ,BRIDGEWELL RESOURCES,"10200 SW GREENBURG RD.,STE.500, TI GARD,OR 97223-EE.UU. PH:5038723535 OR 8007843545 FX:5032382664",MONTEVIDEO,Bridgewell Resources,2015,DANK S.A.
STERILIZED CLEAN NIGER SEEDSTERILIZED CLEAN NIGER SEEDSTERILIZED CLEAN NIGER SEEDSTERILIZED CLEAN NIGER SEED,BRIDGEWELL RESOURCES LLC.,BRIDGEWELL RESOURCES LLC,SHAH NANJI NAGSI EXPORTS PVT. LTD.,11/17/2010,168815,76734,Nhava Sheva,"New York, New York",ASIR,India,NO MARKS NO MARKS NO MARKS NO MARKS,"12420 SE CARPENTER DRIVE, FOOD & AG PRODUCT DIVISION, CLACKAMAS OR 97015 USA","ANAJ BAZAR, ITWARI, NAGPUR 440 002 INDIA",97015,4,HJCU2057271 HJCU2919252 HJCU8477116 PGRU2306903, ,3370,BAG,0, ,WWOLGTINYC074611,H,HJSCBOM007537200,0074W,H464951 188698 H464978 188699 H464927 188700 H458386 188701,SAUDI ARABIA,00 - Consumption Category,WWOL,WORLDWIDE OCEAN LINE,MAYWOOD,NJ,7607,"25 E SPRING VALLEY AVENUE, STE 100",TOTAL LOGISTICS RESOURCES., ,"NAGPUR, INDIA",Bridgewell Resources,2010,SHAH NANJI NAGSI EXPORTS PVT.LTD.
"01 X 40- HC CONTAINING: 18 BUNDLES WITH: MOLDED PINE WOOD FORMOULDINGS STILE STOCK RAW FREIGHT COLLECT EXPRESS RELEASE CLEAN ON BOARD RE:14/0670346-001 DDE:2140519281/0 NCM: 44189000 NET WEIGHT: 19900,00KGS",BRIDGEWELL RESOURCES, ,AERO COMERCIO DE PORTAS E BATENTES,06/22/2014,43780,19900, ,"Norfolk, Virginia",CAP JERVIS, ,NO MARKS CES P.O-S.: 143422 71 3882,"10200 SW GREENBURG RD. PORTLAND, OR 97223 PORTLAND, OR 97223 OR 97223 US",LTDA SENG S/PARAN /BRASIL CNPJ: 11.847.182/00 PR 84220-000 BR,97223,1,SUDU6908139,4510,18,PKG,0,CM,SUDU64ITJIA0725X, , ,073N,BOLT4450130,LIBERIA, ,SUDU,HAMBURG SUED,HAMBURG, ,D-20415,WILLY-BRANDT-STRASSE 59-61 POSTFATCH 11 15,BRIDGEWELL RESOURCES,"10200 SW GREENBURG RD. PH:503872-3535/FX:503238-2664 PORTLAND, OR 97223 OR 97223 US",ITAPOA SC BR,Bridgewell Resources,2014,AERO COMERCIO DE PORTAS E BATENTES
"19 BUNDLES OF PINE PLYWOOD NW 24800.000 HS-CODE 441239 19 BUNDLES OF PINE PLYWOOD NW 24800.000 03 X 40 HC CNTR S.T.C. 57 BUNDLES OF ELLIOTII PINE PLYWOOD C C, WBP GLUE 2440 X 1220 X 12MM, SCAC CODE BL NUMBER BANQ CWB0424014 HS-CODE 441239 19 BUNDLES OF PINE PLYWOOD NW 24800.000 HS-CODE 441239",EVERGREEN FOREST PRODUCTS,EVERGREEN FOREST PRODUCTS INC,CELPLAC INDUSTRIA E COMERCIO LTDA,2018-05-22 00:00:00,167640,76200,Cristobal,"Baltimore, Maryland",MSC CADIZ,Panama,TARE 3880 NO MARKS NO MARKS TARE 3940 PO 874802 NO MARKS NO MARKS NO MARKS NO MARKS NO MARKS NO MARKS NO MARKS NO MARKS NO MARKS NO MARKS NO MARKS NO MARKS NO MARKS NO MARKS NO MARKS NO MARKS TARE 3840 NO MARKS NO MARKS,578 SOUND AVENUE PO BOX 922 WADING RIVER NY 11792 US,R ANTONIO GAUDI 221 SAO CRISTOVAO GUARAPUAVA BR,11792,3,CLHU9036618 MEDU8287610 MEDU7336807, ,57,BDL,1,X,BANQCWB0424014,H,MSCUP5289371,816R,FEX3253699 FEX3253693 FEX3253691,LIBERIA, ,BANQ,BLUE ANCHOR LINE,HONG KONG, , ,25/F FLEET HOUSE 38 GLOUCESTER ROAD,EVERGREEN FOREST PRODUCTS,578 SOUND AVENUE PO BOX 922 WADING RIVER NY 11792 US,CRISTOBAL,Evergreen Forest Products,2018,CELPLAC INDUSTRIA E COMERCIO
ROUND GREENHEART PILES - 50'-60' PROFORMA INVOICE #20216 AMENDED,WILLIAM G. MOORE & SON. INC. OF DE.,WILLIAM G. MOORE & SON INC,VARIETY WOODS & GREENHEART LTD,2016-05-09 00:00:00,131331,59696,Demerara,"New London, Connecticut",BBC HOLLAND,Guyana,V/WGM/PF#20216/POG/PINK ENDS/BLACK,"218 SCHANCK ROAD, PO BOX 6309 FREEHOLD, NEW JERSEY 07728 USA","99 LALUNI STREET QUEENSTOWN, GEORGETOWN GUYANA",7728,1,NC, ,40,PCS,0, ,SOAI273GTWNWL001, , ,273, ,GIBRALTAR, ,SOAI,SOREIDOM,LE ROBERT, ,97231,Z1 ROBERT,WILLIAM G. MOORE & SON. INC. OF DE.,"218 SCHANCK ROAD, PO BOX 6309 FREEHOLD, NEW JERSEY 07728 USA",GEORGETOWN,William G. Moore & Son,2016,VARIETY WOODS GREENHEART LTD
EKKI/AZOBE HARDWOOD SAWN TIMBER EKKI/AZOBE HARDWOOD SAWN TIMBER,WILLIAM G. MOORE AND SON INC.,WILLIAM G. MOORE & SON INC,HUPKES WIJMA B.V.,2025-03-19 00:00:00,83800,38091,Rotterdam,"New York/Newark Area, Newark, New Jersey",OOCL CHONGQING,Netherlands,NO MARKS NO MARKS,218 SCHANCK ROAD OF DELAWARE FREEHOLD NJ 07728 US,HAATLANDHAVEN 3 KAMPEN 8263 NL,7728,2,CSLU2301789 CSNU2267336,22G1 22G1,17,BDL,0, ,RSECUSNYC5020297,H,COSU6409938230,058W,TSK5960392 BS579462,HONG KONG, ,RSEC,ROSE CONTAINERLINE INC,NEW YORK,NY,10001,259 WEST 30TH ST 12TH FL,WILLIAM G. MOORE AND SON INC.,218 SCHANCK ROAD OF DELAWARE,ROTTERDAM NETHERL,William G. Moore & Son,2025,HUPKES WIJMA B.V.
MALAYSIAN HARDWOOD ROTARY CUT HOT PRESS PLYWOMALAYSIAN HARDWOOD ROTARY CUT HOT PRESS PLYWOMALAYSIAN HARDWOOD ROTARY CUT HOT PRESS PLYWOMALAYSIAN HARDWOOD ROTARY CUT HOT PRESS PLYWOMALAYSIAN HARDWOOD ROTARY CUT HOT PRESS PLYWO,BRIDGEWELL RESOURCES, ,SAMLING PLYWOOD (BINTULU) SDN BHD,10/20/2011,278832,126742,Pusan,"Portland, Oregon",HANJIN MADRID,South Korea,NO MARKS NO MARKS NO MARKS NO MARKS NO MARKS,". 10200 SW GREENBURG ROAD, SUITE 500, TIGARD, OR 97223 USA TEL (503) 872-3462 **",". LOT 367, BLOCK 38, KEMENA INDUSTRIAL ESTATE, PO BOX 91 97007 BINTULU, SARAWAK, MALAYSIA *",97223,5,HJCU4409710 CAXU7449168 SENU4261490 SLSU9003110 HJCU4148299,4CG0 4CG0 4CG0 4FG0 4CG0,75,CRT,0, ,HJSCPKG108103200, , ,0070E,H667172 H667177 HA178269 H667175 HA178256,GERMANY,00 - Consumption Category,HJSC,HANJIN SHIPPING COMPANY LTD,PARAMUS,NJ,7652,80 EAST RT 4 SUITE 490,BRIDGEWELL RESOURCES, ,"BINTULU, SARAWAK",Bridgewell Resources,2011,SAMLING PLYWOOD (BINTULU) SDN BHD
"HS CODE: 12079930, PROCESSED CLEANED GRADED STERILIZED NIGER SEEDS ONLY FOR BRID FEED NOTFOR HUMAN CONSUMPTIONHS CODE: 12079930, PROCESSED CLEANED GRADED STERILIZED NIGER SEEDS ONLY FOR BRID FEED NOTFOR HUMAN CONSUMPTIONHS CODE: 12079930, PROCESSED CLEANED GRADED STERILIZED NIGER SEEDS ONLY FOR BRID FEED NOTFOR HUMAN CONSUMPTIONHS CODE: 12079930, PROCESSED CLEANED GRADED STERILIZED NIGER SEEDS ONLY FOR BRID FEED NOTFOR HUMAN CONSUMPTIONHS CODE: 12079930, PROCESSED CLEANED GRADED STERILIZED NIGER SEEDS ONLY FOR BRID FEED NOTFOR HUMAN CONSUMPTION",BRIDGEWELL RESOURCES LLC,BRIDGEWELL RESOURCES LLC,SHAH NANJI NAGSI EXPORTS PVT LTD,07/12/2011,293077,133217,Salalah,"New York, New York",MSC BRUXELLES,Oman,NO MARKS NO MARKS NO MARKS NO MARKS NO MARKS,"12420 SE CARPENTER DRIVE, FOOD & AG PRODUCTS DIVISION CLACKAMAS OR 97015 USA","ANAJ BAZAR, ITWARI NAGPUR 440 002 INDIA",97015,5,GLDU7728961 MSCU9747056 INKU6408706 CLHU8833920 MSCU7868892, ,1485,BAG,0, ,SWLVSWLNHS1174F1,H,MSCUM6747101,G1123,E87283 E87417 E87353 E87348 E87413,LIBERIA,00 - Consumption Category,SWLV,SAFEWATER LINES (INDIA) PRIVATE LIMITED,MUMBAI, ,400001,195 4TH FL SAHEB BLDG D N RD FORT,TOTAL LOGISTICS RESOURCE, ,"NHAVA SHEVA, INDI",Bridgewell Resources,2011,SHAH NANJI NAGSI EXPORTS PVT.LTD.
PLYWOODPLYWOOD5.2MM 4@8 WHITE CAB-LINER 1S12MM 4@8 WHITE CAB-LINER 2S,BRIDGEWELL RESOURCES LLC,BRIDGEWELL RESOURCES LLC,SHANDONG XIAOLIN WOOD INDUSTRY,03/22/2012,56980,25900,Hong Kong,"Miami, Florida",EVER DELUXE,Hong Kong,634419 634419 THE SAME THE SAME,10200 SW GREENBURG RD SUITE 500 TIGARD OREGON 97223 U.S.A. TEL:503.872.3566,"CO.,LTD. ZHONGJIAZHUANG VILLAGE,SHUNWANG TOWN,ZHUCHENG CITY ,SHANDONG, P.R.CHINA",97223,1,EGHU9065290,45G1,18,CRT,51,CM,EGLV140200047626, , ,0140E,EMCAEB2011,SINGAPORE,00 - Consumption Category,EGLV,EVERGREEN LINE,TAOYUAN HSIEN 338, , ,NO 163 SEC 1 HSIN-NAN ROAD LUCHU HSIAN,BRIDGEWELL RESOURCES LLCRICHARD MURRAY, ,"QINGDAO, CHINA",Bridgewell Resources,2012,SHANDONG XIAOLIN WOOD INDUSTRY
BIRCH PLYWOOD THIS SHIPMENT CONTAINS NOWOOD PACKING MATERIALSBIRCH PLYWOOD THIS SHIPMENT CONTAINS NOWOOD PACKING MATERIALS,BRIDGEWELL RESOURCES LLC,BRIDGEWELL RESOURCES LLC,"LINYI ANSHUN TIMBER CO., LTD.",07/03/2011,110230,50105,Port Bustamante,"Tampa, Florida",SAN ANDRES,Jamaica,PO#: 00622227 PO#: 00622227,10200 SW GREENBURG RD SUITE 500 TIG ARD OREGON 97223 U.S.A. TEL:503.872 .3566,"ZHUBAO INDUSTRIAL ZONE, LANSHAN DIS TRICT, LINYI CITY, CHINA TEL: 0086- 539-8553588 FAX: 0086-539-8553566",97223,2,DFSU6304344 TCLU5185482,4500 4500,36,CRT,97,CF,ZIMUQIN1771341, , ,650N,ZZD264282/ ZZD281936/,LIBERIA,00 - Consumption Category,ZIMU,ZIM ISRAEL NAVIGATION CO LTD,HAIFA, , , ,BRIDGEWELL RESOURCES LLC, ,QINGDAO,Bridgewell Resources,2011,"LINYI ANSHUN TIMBER CO., LTD."
PCS GREENHEART PILES,EVERGREEN FOREST PRODUCTS INC,EVERGREEN FOREST PRODUCTS INC,GUYLOG,2015-04-07 00:00:00,34391,15632,Haina,"New York, New York",SEABOARD RANGER,Dominican Republic,PO TALLY EFPI,578 SOUND AVE PO BOX 922 WADING RIVER NY 11792 USA,"134 DA SILVA ST NEWTOWN GEORGETOWN, GUYANA GUY",11792,1,UESU4347995, ,27,CNT,0, ,SMLU4024641A, , ,127,287540G1895565,LIBERIA, ,SMLU,SEABOARD MARINE LTD,MIAMI,FL,33166,8001 NW 79TH AVE,BRAUNER INTERNATIONAL CORP,66 YORK ST JERSEY CITY NJ 07302-3838 USA,GEORGETOWN,Evergreen Forest Products,2015,GUYLOG
EKKI/ AZOBE HARDWOOD MATERIAL FSC 100 EKKI .,WILLIAM G. MOORE AND SON INC.,WILLIAM G. MOORE & SON INC,HUPKES WIJMA B.V.,2023-12-17 00:00:00,17930,8150,Rotterdam,"New York/Newark Area, Newark, New Jersey",OOCL CHONGQING,Netherlands,/ AZOBE NO MARKS,218 SCHANCK ROAD OF DELAWARE FREEHOLD NJ 07728 US,HAATLANDHAVEN 3 KAMPEN 8263 NL,7728,1,EMCU6411963, ,5,BDL,0, ,RSECUSNYC3110413,H,EGLV520300187146,049W,TSK5960406,HONG KONG, ,RSEC,ROSE CONTAINERLINE INC,NEW YORK,NY,10001,259 WEST 30TH ST 12TH FL,WILLIAM G. MOORE AND SON INC.,218 SCHANCK ROAD OF DELAWARE,ROTTERDAM NETHERL,William G. Moore & Son,2023,HUPKES WIJMA B.V.
ROUND GREENHEART PILES  1146 LIN FT LENGTHS 30FT TO 33FT FREIGHT COLLECT ALL LOCAL CHARGES AT DESTINATION FOR CONSIGNEE'S ACCOUNT SAID TO BE SAID TO WEIGH,WILLIAM G. MOORE & SON INC. OF,WILLIAM G. MOORE & SON INC,GS FOREST RESOURCES INC.,2019-12-02 00:00:00,57430,26105,Port Bustamante,"New York/Newark Area, Newark, New Jersey",RHL AGILITAS,Jamaica,NO MARKS NO NUMBERS,"DELAWARE 218 SCHANCK ROAD, PO BOX 6309 FREEHOLD,NEW JERSEY 07728 USA","T/A REGINALD MANBODH 464 KISKADEE DRIV, SOUTH RUIMVELDT GARDENS, GUYANA TEL:5922180085,6267493,FAX:2180054",7728,1,ZCSU7052407,4500,35,PCS,750,CF,ZIMUGTG14881, , ,31N,CTA528084 ZZCSB281132,LIBERIA, ,ZIMU,ZIM ISRAEL NAVIGATION CO LTD,HAIFA, , , ,SAME AS CONSIGNEE,NO ADDRESS,GEORGETOWN - GUYA,William G. Moore & Son,2019,GS FOREST RESOURCES INC.
URUGUAYAN PINE K/D BLANKS S2S,BRIDGEWELL RESOURCES, ,DANK S.A.,01/20/2014,50930,23150,Cartagena,"Oakland, California",SANTA RAFAELA,Colombia,PCS 3908,"10200 SW GREENBURG RD STE 500 TIGARD, OR 97223 US","JUAN PAULILIER 1671 MONTEVIDEO, UY", ,1,AMFU8671626,4500,22,PKG,0,CM,SHKK858000106891,H,HLCUMVD131102298,02W50,99744 A3258060,GERMANY, ,SHKK,SCHENKEROCEAN LIMITED,WANCHAI, , ,38 FL CHINA RESOURCES BLDG 26 HARBOUR RD, , ,MONTEVIDEO,Bridgewell Resources,2014,DANK S.A.
HS CODE 530511.40 NATURAL COCONUT FIBRE BRICKS (COIR PITH)HS CODE 530511.40 NATURAL COCONUT FIBRE BRICKS (COIR PITH),BRIDGEWELL RESOURCES, ,STERLING FARM RESEARCH&SERVICES PVT,07/15/2010,88440,40200,All Other Netherlands Antilles Ports,"Portland, Oregon",HANJIN OSLO,Neth Antilles,NO MARKS NO MARKS,12420 SE CARPENTER DRIVE CLACKAMAS OR 97015 USA,"STERLING HOUSE,29/2469,C-2,2ND FL PETTAH,POONITHURA P.O ERNAKULAM,KER KOCHI 682019 INDIA",97015,2,HJCU4079460 SLSU7025167, ,40,PKG,0, ,WWOLTSLTUT005,H,HJSCTUT000172600,92E,642242 642312,PANAMA,00 - Consumption Category,WWOL,WORLDWIDE OCEAN LINE,MAYWOOD,NJ,7607,"25 E SPRING VALLEY AVENUE, STE 100",TOTAL LOGISTICS RESOURCES, ,"TUTICORIN, INDIA",Bridgewell Resources,2010,STERLING FARM RESEARCH & SERVICES
"LAMINATED FLOORING ON 22 PALLETS LS;492986 PO;696678 LAMINATED FLOORING ON 22 PALLETS LS;492963 PO;696680 LAMINATED FLOORING ON 22 PALLETS LS;492893 PO;696674 LAMINATED FLOORING ON 22 PALLETS LS;492892 PO;696670 HS CODE;44119290 DELIVERY ADDRESS; BRIDGEWELL RESOURCES C/O PANEL SERVICES 101 BAILEY ST. 27028 MOCKSVILLE, NC USA ++ E-MAIL; BWRSBPSSUPPORT+BRIDGEWELLRES.COM LAMINATED FLOORING ON 22 PALLETS LS;492882 PO;696669 LAMINATED FLOORING ON 22 PALLETS LS;492917 PO;696676",BRIDGEWELL RESOURCES, ,KRONOFLOORING GMBH,09/19/2013,215204,97820,Stade,"Charleston, South Carolina",OOCL KAOHSIUNG,Germany,NO MARKS . . . NO MARKS . . . NO MARKS . . . NO MARKS . . . . . . . . . . . . NO MARKS . . . NO MARKS . . .,"C/O PANEL SERVICES 101 BAILEY ST. 27028 MOCKSVILLE, NC / USA PHONE;+ 1 336 751 7300",MUEHLBACHER STRASSE 1 01561 LAMPERTSWALDE GERMANY,27028,6,ITAU2176970 HLXU3191073 CLHU3849420 HLXU3398522 CPSU1713565 HLXU2144694,2210 2210 2210 2210 2210 2210,132,PKG,0, ,FMSW1130990008,H,HLCUHAM130820246,59W36,2362687 KL2362687 2362698 KL2362698 2362679 KL2362679 2362684 KL2362684 2362688 KL2362688 2362700 KL2362700,HONG KONG, ,FMSW,FMS SEAWAYS AG,OPFIKON ZURICH, , ,SAGEREISTRASSE 24 POSTFACH 8152 GLATTBRUGG,BRIDGEWELL RESOURCESJOHN A. STEER CO.,"28 SOUTH 2ND STREET PHILADELPHIA, PA 19106 UNITED STATES",HAMBURG,Bridgewell Resources,2013,KRONOFLOORING GMBH
ROUND GREENHEART PILES  1043 LIN FT LEN GTHS - 27' - 39' FREIGHT COLLECT ALL LOCA L CHARGES AT DESTINATION FOR CONSIGNEE'S ACCOUNT SAID TO BE SAID TO WEIGH,WILLIAM G. MOORE & SON INC,WILLIAM G. MOORE & SON INC,GS FOREST RESOURCES INC.,2014-08-26 00:00:00,22910,10414,Port Bustamante,"New York/Newark Area, Newark, New Jersey",ZIM CONSTANZA,Jamaica,ORANGE ENDS,"OF DELAWARE 218 SCHANCK ROAD, FREEH OLD NJ 07728 USA TEL:7323036049 FAX :7323036075",20 BEL AIR PROMENADE PRASHAD NAGAR GUYANA TEL:592 218 0085/ 626 7493 F AX:592 218 0054,7728,1,ZCSU8995426,4500,30,PCS,0,CF,ZIMUGTG07707, , ,29E,CTA302101 ZZCK52201,ISRAEL, ,ZIMU,ZIM ISRAEL NAVIGATION CO LTD,HAIFA, , , ,SAME AS CONSIGNEE,NO ADDRESS,GEORGETOWN,William G. Moore & Son,2014,GS FOREST RESOURCES INC.
" 1 X FLEXITANK, CRUDE ORGANIC HO SUNFLOWEROIL HS CODE: 15141990",BRIDGEWELL RESOURCES LLC,BRIDGEWELL RESOURCES LLC,CARE NATURKOST GMBH + CO,02/27/2013,46156,20980,Balboa,"Long Beach, California",MSC ORNELLA,Panama,NO MARKS NO MARKS,4940 LANG AVE STE 100 MCCLELLAN CA 95652 UNITED STATES,AM MARKT 9 SITTENSEN NI 27419 GERMANY,95652,1,MEDU6289470,2210,1,PKG,0, ,MSCURA241836, , ,304A,TSK2154288,PANAMA, ,MSCU,MSC-MEDITERRANEAN SHIPPING COMPANY S A,GENEVA, ,CH 1206,40 AVENUE EUGENE PITTARD,BRIDGEWELL RESOURCES LLC,4940 LANG AVE STE 100 MCCLELLAN CA 95652 UNITED STATES,ROTTERDAM,Bridgewell Resources,2013,CARE NATURKOST GMBH + CO
CERTIFIED ORGANIC RBD COCONUT OIL,BRIDGEWELL RESOURCES LLC,BRIDGEWELL RESOURCES LLC,"SC GLOBAL COCO PRODUCTS, INC.",10/23/2014,40,18,Kaohsiung,"Los Angeles, California",YM MOVEMENT,China Taiwan,NO MARKS,". 10200 SW GREENBURG RD., STE 500 TIG ARD, OR 97223 USA TRL 503-872-3566",". 2601 JOLLIBEE PLAZA BLDG., F. ORTIG AS JR. ROAD, ORTIGAS CENTER ATTN AN",97223,1,DRYU2841982,2CG0,20,PKG,0, ,HJSCCEB400552200, , ,0011E,HD377702,PANAMA, ,HJSC,HANJIN SHIPPING COMPANY LTD,PARAMUS,NJ,7652,80 EAST RT 4 SUITE 490,BRIDGEWELL RESOURCES FOOD & AG PROD,"UCTS DIVISION 12420 SE CARPENTER DR CLACKAMAS, OR .",CEBU,Bridgewell Resources,2014,"SC GLOBAL COCO PRODUCTS, INC."
FREIGHT COLLECT GREENHEART PILES,EVERGREEN FOREST PRODUCTS INC,EVERGREEN FOREST PRODUCTS INC,SOUTHERN TIMBER EXPORTS,2024-01-02 00:00:00,57068,25940,Port Bustamante,"New York, New York",AS SVENJA,Jamaica,NO MARKS,578 SOUND AVENUE WADING RIVER UNITED STATES,LOT 53 KERSAINT PARK LA BONNE INTENTION EAST COAST TE DEMERARA, ,1,ECMU8120252,9500,18,PCS,0,CM,CMDUCUY0111790, , ,0UAGB,K5234190,LIBERIA, ,CMDU,COMPAGNIE MARITIME D-AFFRETEMENT,NORFOLK,VA,23502,5701 LAKE WRIGHT DR,EVERGREEN FOREST PRODUCTS INC,578 SOUND AVENUE WADING RIVER UNITED STATES,"GEORGETOWN, GY",Evergreen Forest Products,2024,SOUTHERN TIMBER EXPORTS
PURPLEHEART LUMBER R/S,"WILLIAM G. MOORE & SON, INC. OF DEL",WILLIAM G. MOORE & SON INC,TIMBER WOOD PRODUCTS INC,2011-12-05 00:00:00,43349,19704,Cristobal,"New York/Newark Area, Newark, New Jersey",MSC TAMARA,Panama,NO MARKS,218 SCHANCK ROAD PO BOX 6309 FREEH FREEHOLD NJ 07728 UNITED STATES,46 COVENT GARDEN EAST BANK GEORGETOWN GUYANA,7728,1,TRLU4426521,4310,164,BOX,15,CM,MSCUTR037031, , ,020R,CTA169781,PANAMA,00 - Consumption Category,MSCU,MSC-MEDITERRANEAN SHIPPING COMPANY S A,GENEVA, ,CH 1206,40 AVENUE EUGENE PITTARD,"WILLIAM G. MOORE & SON, INC. OF DEL", ,GEORGETOWN,William G. Moore & Son,2011,"TIMBERWOOD PRODUCTS, INC."
ORGANIC PSYLLIUM HUSK POWDER ISABGOL PLANTAGOOVATA,BRIDGEWELL RESOURCES LLC,BRIDGEWELL RESOURCES LLC,KADAM EXPORTS PVT LTD,11/16/2010,4453,2024,Nhava Sheva,"Los Angeles, California",APL TENNESSEE,India,KEPL 09 09 10-11 NO MARKS,"12420 SE, CARPENTER DRIVE TEL. 503 742 1172 CLACKAMAS OR 97015 US","99, CHINU BHAI TOWER, OPP HANDLOOM HOUSE AHMEDABAD 380009 IN",97015,1,SCZU3941157,42G0,80,PKG,0, ,LCBCMUMPTL005330,H,APLU054955964,11,118363,MALTA,00 - Consumption Category,LCBC,LCL LINES,EAST BRUNSWICK,NJ,8816,646 PLAZA HILL STE 215 BLDG B ROUTE 18, , ,NHAVA SHEVA,Bridgewell Resources,2010,KADAM EXPORTS PVT. LTD.
30' - 39' ROUND GREENHEART PILES (758 LI NEAL FEET) FREIGHT COLLECT ALL LOCAL CHAR GES AT DESTINATION FOR CONSIGNEE'S ACCOUN T SAID TO BE SAID TO WEIGH,WILLIAM G. MOORE & SON INC,WILLIAM G. MOORE & SON INC,VARIETY WOODS & GREENHEART LIMITED,2016-08-14 00:00:00,51014,23188,Port Bustamante,"New York/Newark Area, Newark, New Jersey",ZIM BARCELONA,Jamaica,V/WGM 8552 P.O.G,"218 SCHANCK ROAD, SUITE # 2 PO BOX 6309 FREEHOLD NEW JERSEY 07728 USA",99 LALUNI STREET QUEENSTOWN GEORGET OWN GUYANA,7728,1,ZCSU8619780,4500,21,PCS,0,CF,ZIMUGTG10021, , ,59W,ZZCK96160 CTA357994,ISRAEL, ,ZIMU,ZIM ISRAEL NAVIGATION CO LTD,HAIFA, , , ,SAME AS CONSIGNEE,NO ADDRESS,GEORGETOWN,William G. Moore & Son,2016,VARIETY WOODS GREENHEART LTD
PIECES ROUGH SAWN KABUKALLI LUMBER - 8000BM,EVERGREEN FOREST PRODUCTS INC,EVERGREEN FOREST PRODUCTS INC,VARIETY WOODS & GREENHEART LTD,2022-07-19 00:00:00,49096,22316,Port Bustamante,"New York, New York",AS PETRA,Jamaica,EFPI PO55502 POGWAXED ENDS,578 SOUND AVE PO BOX 922 WADING RIVER NY 11792 USA,"99 LALUNI ST QUEENSTOWN GEORGETOWN, GUYANA GUY",11792,1,DRYU9118830,4510,1244,PCS,0, ,SMLU7194203A, , ,50,623739 G3112124,LIBERIA, ,SMLU,SEABOARD MARINE LTD,MIAMI,FL,33166,8001 NW 79TH AVE,EVERGREEN FOREST PRODUCTS INC,578 SOUND AVE PO BOX 922 WADING RIVER NY 11792 USA,GEORGETOWN,Evergreen Forest Products,2022,VARIETY WOODS GREENHEART LTD
UREA PRILLED UREA 46%N PRILLED UREA PRILLED,BRIDGEWELL RESOURCES LLC.,BRIDGEWELL RESOURCES LLC,QINGDAO STARCO CHEMICAL,11/13/2013,88440,40200,Ching Tao,"Long Beach, California",COSCO KOREA,China,N/M N/M N/M,"12420 SE CARPENTER DRIVE CLACKAMAS,OR 97015 USA FAX #503-742-1198","CO.,LIMITED. 2 MINJIANG ROAD B-2403,QINGDAO 266071,P.R.CHINA",97015,2,SEGU1275383 FCIU3921190,22G0 22G0,40,PKG,40,X,EGLV140301070216, , ,026E,EMCFPJ6062 EMCFPH1372,HONG KONG, ,EGLV,EVERGREEN LINE,TAOYUAN HSIEN 338, , ,NO 163 SEC 1 HSIN-NAN ROAD LUCHU HSIAN,"TLR,MARGARET MOWERY","11855 N.E.GLENN WIDING DRIVE,PORTLAND OR 97220 P#503-257-6090 X343","QINGDAO, CHINA",Bridgewell Resources,2013,QINGDAO STARCO CHEMICAL
ROUND GREENHEART PILES ORANGE ENDS WGM 8312 POG,WILLIAM G. MOORE & SON. INC. OF DE.,WILLIAM G. MOORE & SON INC,G S FOREST RESOURCES INC,2014-12-19 00:00:00,72541,32973,Demerara,"Providence, Rhode Island",IDA,Guyana,WGM 8312 POG,"218 SCHANCK ROAD, PO BOX 6309 FREEHOLD, NEW JERSEY 07728 USA",20 BEL AIR PROMENADE PRASHAD NAGAR. GUYANA,7728,1,NC, ,29,PCS,0, ,SOAI217GEODAV003, , ,217, ,ANTIGUA AND BARBUDA, ,SOAI,SOREIDOM,LE ROBERT, ,97231,Z1 ROBERT,WILLIAM G. MOORE & SON. INC. OF DE.,"218 SCHANCK ROAD, PO BOX 6309 FREEHOLD, NEW JERSEY 07728 USA",GUYANA,William G. Moore & Son,2014,GS FOREST RESOURCES INC.
20--32- (8'-10' BUTT) ROUND GREENHEART (CHLOROCARDIUM RODIEI) PILES20--25- (12'-14' BUTT) ROUND GREENHEART (CHLOROCARDIUM RODIEI) PILES,BRIDGEWELL RESOURCES LLC,BRIDGEWELL RESOURCES LLC,TIMBER WOOD PRODUCTS INC,05/30/2012,110000,50000,Cristobal,"New York/Newark Area, Newark, New Jersey",MSC CARACAS,Panama,NO MARKS SAME NO MARKS SAME,10200 SW GREENBURG ROAD SUITE 500 TIGARD OR 97223 UNITED STATES,46 COVENT GARDEN EAST BANK GEORGETOWN GUYANA,97223,2,MSCU8966194 TGHU7307228,4510 4510,74,BOX,50,CM,MSCUTR047303, , ,1220R,182556 KYL62856 182646 KYL62857,GERMANY,00 - Consumption Category,MSCU,MSC-MEDITERRANEAN SHIPPING COMPANY S A,GENEVA, ,CH 1206,40 AVENUE EUGENE PITTARD,"RICHARD MURRAY & CO., INC", ,GEORGETOWN,Bridgewell Resources,2012,"TIMBERWOOD PRODUCTS, INC."
GREENHEART PILES - CHLOROCARDIUM RODIEI- 913 LINEAR FT FREIGHT COLLECT ALL LOCALCHARGES AT DESTINATION FOR CONSIGNEE-S ACCOUNT SAID TO BE SAID TO WEIGH,EVERGREEN FOREST PRODUCTS INC.,EVERGREEN FOREST PRODUCTS INC,TRADE-LINC,2012-06-10 00:00:00,45933,20879,Port Bustamante,"New York/Newark Area, Newark, New Jersey",ZIM PANAMA,Jamaica,NO MARKS NO NUMBERS,578 SOUND AVENUE WADING RIVER NEW Y ORK 11792 USA TEL:631 929 3197,"LOT 37 PUBLIC ROAD LAND OF CANAAN, EAST BANK DEMERARA GUYANA",11792,1,ZCSU8628502,4500,31,PCS,17,CF,ZIMUGTG04998, , ,42W,ZZC24900K/,UNITED KINGDOM,00 - Consumption Category,ZIMU,ZIM ISRAEL NAVIGATION CO LTD,HAIFA, , , ,SAME AS CONSIGNEE, ,GEORGETOWN,Evergreen Forest Products,2012,TRADE-LINC
ROUND GREENHEART PILES  987 LINFT LENGT HS 30- - 39- FREIGHT COLLECT ALL LOCAL CH ARGES AT DESTINATION FOR CONSIGNEE-S ACCO UNT SAID TO BE SAID TO WEIGH,WILLIAM G. MOORE & SON INC,WILLIAM G. MOORE & SON INC,GS FOREST RESOURCES INC.,2014-03-14 00:00:00,16200,7364,Port Bustamante,"New York/Newark Area, Newark, New Jersey",ZIM QINGDAO,Jamaica,WHITE ENDS,"OF DELAWARE 218 SCHANCK ROAD, PO BO X 6309 FREEHOLD NEW JERSEY 07728 US A TEL:732-303-6049 FAX:732-303-607","20 BEL AIR PROMENADE PRASHAD NAGAR, GUYANA TEL:592 218 0085/ 626 7493 FAX:592 218 0054",7728,1,CRSU9046858,4500,28,PCS,0,CF,ZIMUGTG07098, , ,44E,CTA278166 ZZZC921057,LIBERIA, ,ZIMU,ZIM ISRAEL NAVIGATION CO LTD,HAIFA, , , ,SAME AS CONSIGNEE,NO ADDRESS,GEORGETOWN,William G. Moore & Son,2014,GS FOREST RESOURCES INC.
NET WEIGHT: 23670 KGS. NET WEIGHT: 23740 KGS. 26 PALLET (S) WITH URUGUAYAN PINE K/D BLANKS S2S PCS 8157 MBF 42.183 CBM 99.530 ORDER NR.: 716024/718364 ''WOOD PACKING MATERIALS BEING USED ARE FREE OF BARK & APPARENTLY FREE FROMLIVE PLANT PEST'' TOTAL GROSS WEIGHT:47800 KGS.,BRIDGEWELL RESOURCES, ,DANK S.A.,08/31/2014,105160,47800,Antonina,"Houston, Texas",MONTE TAMARO,Brazil,NO MARKS NO MARKS,"10200 SW GREENBURG RD.,STE.500 TIGARD,OR 97223-EE.UU. TIGARD,OR 97223-EE. OR 97223 US",JUAN PAULLIER 1671 PH.59824099999 MONTEVIDEO-URUGUAY 11000 UY,97223,2,SUDU6605997 SUDU6656417,4510 4510,26,PKG,1,CM,SUDU546700241093, , ,058N,HSDG505637 HSDG505918,GERMANY, ,SUDU,HAMBURG SUED,HAMBURG, ,D-20415,WILLY-BRANDT-STRASSE 59-61 POSTFATCH 11 15,BRIDGEWELL RESOURCES,"10200 SW GREENBURG RD.,STE.500 PH:5038723535 OR 8007843545 TIGARD,OR 97223-EE. OR 97223 US","MONTEVIDEO, URUGU",Bridgewell Resources,2014,DANK S.A.
PCS GREENHEART PILES,EVERGREEN FOREST PRODUCTS INC,EVERGREEN FOREST PRODUCTS INC,GUYLOG,2015-05-19 00:00:00,38657,17571,Port Bustamante,"New York, New York",NEFELI,Jamaica,PO TALLY EFPI,578 SOUND AVE PO BOX 922 WADING RIVER NY 11792 USA,"134 DA SILVA ST NEWTOWN GEORGETOWN, GUYANA GUY",11792,1,GATU7005111, ,22,CNT,0, ,SMLU4071515A, , ,5,G1765727293692,LIBERIA, ,SMLU,SEABOARD MARINE LTD,MIAMI,FL,33166,8001 NW 79TH AVE,BRAUNER INTERNATIONAL CORP,66 YORK ST JERSEY CITY NJ 07302-3838 USA,GEORGETOWN,Evergreen Forest Products,2015,GUYLOG
ROUGH SAWN GREENHEART LUMBER FREIGHT COL LECT ALL LOCAL CHARGES AT DESTINATION FOR CONSIGNEE-S ACCOUNT SAID TO BE SAID TO W EIGH,EVERGREEN FOREST PRODUCTS INC.,EVERGREEN FOREST PRODUCTS INC,GUYANA FURNITURE MANUFACTURING LTD,2013-10-24 00:00:00,24420,11100,Port Bustamante,"New York/Newark Area, Newark, New Jersey",ZIM MONACO,Jamaica,NO MARKS NO NUMBERS,578 SOUND AVENUE P.O. BOX 922 WADIN G RIVER NEW YORK 11792 USA,49-58 INDUSTRIAL ESTATE BETERVERWAG TING EAST COAST DEMERARA GUYANA TEL :5922208531/8532 FAX:5922208530,11792,1,FSCU9194170,4500,94,PCS,0,CF,ZIMUGTG06649, , ,27E,CTA259456 ZZZC914798,MALTA, ,ZIMU,ZIM ISRAEL NAVIGATION CO LTD,HAIFA, , , ,SAME AS CONSIGNEE,NO ADDRESS,GEORGETOWN,Evergreen Forest Products,2013,GUYANA FURNITURE MANUFACTURING
"2X40 RHC S.L.A.C. 210 DRUMS OF FROZEN L EMON JUICE CONCENTRATE, 500 GPL PULP 2 %. FDA: FACILITY REGISTRATION NUMBER: 13301 835480 FREIGHT COLLECT 2X40 RHC S.L.A.C. 210 DRUMS OF FROZEN L EMON JUICE CONCENTRATE, 500 GPL PULP 2 %. FDA: FACILITY REGISTRATION NUMBER: 13301 835480 FREIGHT COLLECT",BRIDGEWELL RESOURCES LLC,BRIDGEWELL RESOURCES LLC,COOPERATIVA DE PRODUCTORES CITRICOL,11/04/2013,125927,57240,Buenos Aires,"New York/Newark Area, Newark, New Jersey",MSC VANESSA,Argentina,COTA COTA,"12420 SE CARPENTER DRIVE CLACKAMAS , OR 97015 TELEP.: 503 723 5410 FA X: 503 723 9144",DE TAFI VIEJO (COTA) DIAGONAL A TA FI VIEJO - KM 6 TUCUMAN - ARGENTIN A,97015,2,ZCSU5848571 ZCSU5956278,4432 4432,210,DRM,38,CF,ZIMUBUE1004385, , ,3S,4064809 AAK11820 AAK11821 406481,PANAMA, ,ZIMU,ZIM ISRAEL NAVIGATION CO LTD,HAIFA, , , ,TOTAL LOGISTICS RESOURCES,"5362 NE 112 TH AVENUE PORTLAND, OR 97220 TELEP.: 503 257 6090 FAX: 5 03 254 6021",BUENOS AIRES,Bridgewell Resources,2013,COOPERATIVA DE PRODUCTORES
"20 PACKAGES BEING: 20 PACKAGES WITH 540 PIECES EACH - 45,580M3 OF 11 16 X4-5 8 X81 FLAT JAMBS PO : 00688007 NCM - 4409.10.00 - WOOD CONTINUOSLY SHAPED ALONG ANY OF ITS EDGES, ENDS, OR FACE, WHETHER OR NOT PLANED, SANDED OR END-JOINTED CONIFEROUS, STANDARD WOOD MOULDINGS: PINE (PINUS SPP.), END-JOINTED SHIPPED ON BOARD FREIGHT COLLECT RE: 131001183001 SD: 2130767696 0 HS CODE SH: 440910 NET WEIGHT: 20.900,00 KG COMMERCIAL INVOICE - 000.016.822 ALSO NOTIFY PARTY: RICHARD MURRAY & COMPANY 109 N. CONCEPTION ST. MOBILE, AL 36602 PHONE: 251-432-5549 EXT. 19 FAX: 251-432-2810 EMAIL: MAC@RICHARD-MURRAY.COM SPA: 011",BRIDGEWELL RESOURCES LLC,BRIDGEWELL RESOURCES LLC,MADEIRAS SALAMONI LTDA.,08/19/2013,46860,21300,Itajay,"Houston, Texas",E.R. BERLIN,Brazil,SALAMONI { NCM -------------} FSCU9918608 1 44091000 {-NCM--------------},"10200 SW GREENBURG RD., SUITE 500 TIGARD, OR 97223 - U.S.A. PHONE:503-872-3535 FAX:503-238-266 EMAIL: INDINVOICE@BRIDGEWELLRES.C TIGARD OR 97223 US","83.054.544 0001-63 RODOVIA HONORINO MORO,5520 BAIRRO:SORGATTO CACADOR - SC - BRA PHONE:(49)3563-1072 FAX:(49) 3563- CACADOR SC 89500000 BR",97223,1,FSCU9918608,4500,20,PCS,0, ,CPLBKIBACRP00, , ,1325N,LT792717,LIBERIA, ,CPLB,COMPANIA LIBRA DE NAVEGACION (URUGUAY) S A,MONTEVIDEO, ,11 100,EDIFICIO PLZZA MAYOR PLZZA INDEPENDENCIA,BRIDGEWELL RESOURCES,"10200 SW GREENBURG RD, SUITE 500 TIGARD, OR 97223 PHONE:503-872-3535 FAX:503-238-266 EMAIL: INDINVOICE@BRIDGEWELLRES.C TIGARD OR 97223 US",ITAJAI (SANTA CAT,Bridgewell Resources,2013,G13 MADEIRAS LTDA
"(858 PIECES) AZOBE SAWN TIMBER CT 26 - 708 D6 NO E 1219 MARKS : G W Z FREIGHT PAYABLE AT DESTINATION 'SUPPLIER CERTIFIES THAT THE COVER BOARDS,SPACER STICKSAND BLOCKS ARE THE SAME SPECIES AS LUMBER SHIPMENT,SUBJECT TO APHIS INSPECTION AND ARE FROM WPM RULE'",MOORE WILLIAM G & SON INC, ,SDV-CAMEROUN,2007-03-09 00:00:00,107241,48746,DOUALA, ,SAFMARINE HOUSTON,Cameroon,MN,4459 AMBOY RDSTE 4STATEN ISLAND NY 10312718-227-2990,P/C WIJMA BP 1616 DOUALACAMEROUN237-3428022,10312,0, , ,44,BUNDL,44,CM,SAFM512303671, , , , , , ,SAFM,SAFMARINE CONTAINER LINES (HEREINAFTER SAFMARINE),MADISON,NJ,07940-0880,GIRALDA FARMS #2 MADISON AVE PO BOX 880,MOORE WILLIAM G & SON INC,4459 AMBOY RDSTE 4STATEN ISLAND NY 10312718-227-2990, ,William G. Moore & Son,2007,SDV CAMEROUN
LAMINATED FLOORINGS HARMONIZED CODE; 4411.13.2000 LAMINATED FLOORINGS,BRIDGEWELL RESOURCES LLC,BRIDGEWELL RESOURCES LLC,KRONOFLOORING GMBH,11/21/2014,70620,32100,Bremerhaven,"Mobile, Alabama",MSC MELISSA,Germany,NO MARKS . . NO MARKS,"10200 SW GREENBURG ROAD, SUITE 500 TIGARD, OREGON 97223 UNITED STATES",MUEHLBACHER STRASSE 1 01561 LAMPERTSWALDE GERMANY,97223,2,MEDU2047231 MEDU2383600,2210 2210,45,PKG,0, ,FMSWDE1459972,H,MSCUGS591795,0443A,KL2943529 KL2943549,PANAMA, ,FMSW,FMS SEAWAYS AG,OPFIKON ZURICH, , ,SAGEREISTRASSE 24 POSTFACH 8152 GLATTBRUGG,-NOT AVAILABLE-, , ,Bridgewell Resources,2014,KRONOFLOORING GMBH
"01 CONTAINER 40 HC S.L.A.C. CONTAINING: 22 VOLUMS WITH: MOLDED PINE WOOD FOR MOUL DINGS SPLIT JAMBS PRIMED SHIPPED ON BOARD FREIGHT COLLECT FREIGHT AS PER AGREEMENT EXPRESS RELEASE NCM:44189000 NET WEIGHT: 22000,00 KGS RE:13/1263770-001 SD:213097 4783/0",BRIDGEWELL RESOURCES, ,LINEA PARANA MADEIRAS LTDA.,10/23/2013,22000,10000,Port Bustamante,"New Orleans, Louisiana",ZIM COLOMBO,Jamaica,BRIDGEWELL RESOURCES,"10200 SW GREENBURG RD. PORTLAND, OR 97223 PH: 503 872-3535 FX: 503 238 -2664 97223 TSANDBERG@BRIDGEWELLRE","RUA VITORIO GIRARDI, 100 SENGES - P ARANA - BRASIL FONE:(43)35678300 / FAX: (43) 3567-8340 CNPJ:81.713.51", ,1,ZCSU8553888,4500,22,UNT,0,CF,ZIMUNVT1003599, , ,26W,ZZZS718293,LIBERIA, ,ZIMU,ZIM ISRAEL NAVIGATION CO LTD,HAIFA, , , ,BRIDGEWELL RESOURCES,"10200 SW GREENBURG RD. PORTLAND, OR 97223 PH: 503 872-3535 FX: 503 238 -2664 97223 TSANDBERG@BRIDGEWELLRE",NAVEGANTES,Bridgewell Resources,2013,G13 MADEIRAS LTDA
RBD COCONUT OIL RBD COCONUT OIL RBD COCONUT OIL RBD COCONUT OIL,BRIDGEWELL RESOURCES, ,PT. SARI MAS PERMAI,09/20/2015,190168,86440,Singapore,"Los Angeles, California",NYK THEMIS,Singapore,NO MARKSNO MARKSNO MARKSNO MARKS,". 12420 SE CARPENTER DRIVE CLACKAMAS, OR 97015",". JL. WARU GUNUNG 23, SURABAYA JAWA TIMUR, INDONESIA 60221",97015,4,TEMU3528912 DFSU1260541 TCLU2733875 FCIU4896174,2CG0 2CG0 2CG0 2CG0,4,PKG,0, ,HJSCSUB504381500, , ,0036E,HE298466 HE296909 HE298465 HE296910,PANAMA, ,HJSC,HANJIN SHIPPING COMPANY LTD,PARAMUS,NJ,7652,80 EAST RT 4 SUITE 490,TLR - TOTAL LOGISTICS RESOURCE,". 11855 NE GLENN WIDING DRIVE PORTLAND, OR 97220","SURABAYA, JAVA",Bridgewell Resources,2015,PT. SARI MAS PERMAI
GRADE A CLEAR TAEDA PINE FJ BLANKS,BRIDGEWELL RESOURCES LLC,BRIDGEWELL RESOURCES LLC,REFLORESTADORES UNIDOS S/A,04/25/2010,55000,25000,Itajay,"Houston, Texas",MSC NATAL,Brazil,MADE IN BRAZIL,10200 SW GREENBURG ROAD PO BOX 23711 TIGARD OR 97281 US,RS 020 KM 47 95480 - VILA UNIDOS CAMBARA DO SUL RS BR 5554 244 1810,23711,1,MSCU8901697, ,20,PKG,0, ,CEVVEASY5037278A,H,MSCUIJ833285,038R,572318,LIBERIA,00 - Consumption Category,CEVV,CEVA OCEAN LINE (NVOCC),LA GRANGE,IL,60525-8395,POST OFFICE BOX 2295, , ,ITAJAI,Bridgewell Resources,2010,REFLORESTADORES UNIDOS S/A
"10 BUNDLE(S) COM-SHOP ALDER KD H/M 15/16, 4/4 12,404.000 KGS 28.080 CBM 8 BUNDLE(S) JACKET BOARD ALDER KD H/M 15 /16, 4/4 8,079.000 KGS 18.25 0 CBM CAED # 01S190PC1541201 31000007 HTS CODE: 4407.99",TO ORDER BRIDGEWELL RESOURCES LLC, ,BRIDGEWELL RESOURCES LLC,10/15/2013,45157,20526,"Vancouver, BC","Seattle, Washington",ADRIAN MAERSK,Canada,N/M,"10200 SW GREENBURG RD STE 500 TIGARD,OR 97223 UNITED STATES 86-57483017088 TEL EX 86-57483 01","10200 SW GREENBURG RD STE 500 TIGARD,OR 97223 UNITED STATES 1-5032311166 TEL EX 1-503238 26",86-57483,1,PONU7919582,4EB0,18,CTN,46,CM,MAEU561499306, , ,871E,1139386,DENMARK, ,MAEU,MAERSK LINE,MADISON,NJ,07940-0880,"2 GIRALDA FARMS, MADISON AVE.",NINGBO CHINA BASIC HALIDA,IMPORT & EXPORT CO. LTD 15/F INT-L TRADE CENTER NINGBO CHAMBER OF COMMERCE 86-57483017088 TEL EX 86-57483 01,VANCOUVER,Bridgewell Resources,2013,BRIDGEWELL RESOURCES LLC
42 PACKAGES WITH URUGUAYAN PINE K/D BLAN KS S2S. PCS 16956 MBF 42.157 CBM 99.400 O RDER NR: 705309/705296 WOOD PACKING MATER IALS BEING USED ARE FREE OF BARK & APPARE NTLY FREE FROMLIVE PLANT PEST MAIL: IN GE@RICHARD-MURRAY.COM 42 PACKAGES WITH URUGUAYAN PINE K/D BLAN KS S2S. PCS 16956 MBF 42.157 CBM 99.400 O RDER NR: 705309/705296 WOOD PACKING MATER IALS BEING USED ARE FREE OF BARK & APPARE NTLY FREE FROMLIVE PLANT PEST MAIL: IN GE@RICHARD-MURRAY.COM,BRIDGEWELL RESOURCES, ,DANK S.A.,04/26/2014,47700,21682,Port Bustamante,"Oakland, California",ZIM SHANGHAI,Jamaica,NO MKS & NO NOS NO MKS & NO NOS,"10200 SW GREENBURG RD,STE 500, TIG ARD OR 97223- EEUU PH:503-872-3535 OR 800-784-3545 FX:503-238-2664",JUAN PAULLIER 1671 MONTEVIDEO-URUG UAY PH.59824099999 FX.59824088056,97223,2,ZCSU8972760 ZCSU8670668,4500 4500,42,PKG,0,CF,ZIMUMVD0044160, , ,47W,ZZZS609191 ZZZS609277,HONG KONG, ,ZIMU,ZIM ISRAEL NAVIGATION CO LTD,HAIFA, , , ,SAME AS CNEE,"2ND.NOTIFY: RICHARD MURRAY & CO.IN C. 109 N CONCEPTION STREET #102. M OBILE, AL 36602. INGE WENTWORTH.",MONTEVIDEO,Bridgewell Resources,2014,DANK S.A.
ROUGH SAWN GREENHEART LUMBER 7035BM FREIGHT COLLECT ALL LOCAL CHARGES AT DESTINATION FOR CONSIGNEE'S ACCOUNT SAID TO BE SAID TO WEIG,WILLIAM G. MOORE & SON INC,WILLIAM G. MOORE & SON INC,VARIETY WOODS & GREENHEART LIMITED,2018-04-12 00:00:00,59039,26836,Port Bustamante,"New York/Newark Area, Newark, New Jersey",PARSIFAL,Jamaica,WGM 8765/ P.O.G/ WAXED ENDS,"OF DELAWARE 218 SCHANCK ROAD, P.O BOX 6309, FREEHOLD, NEW JERSEY 07728 USA TEL:732-303-6049 FAX:732-303-6075",99 LALUNI STREET QUEENSTOWN GEORGETOWN GUYANA,7728,1,WFHU5179433,4500,212,PCS,586,CF,ZIMUGTG12385, , ,5W,CTA441799 ZZC148113,LIBERIA, ,ZIMU,ZIM ISRAEL NAVIGATION CO LTD,HAIFA, , , ,SAME AS CONSIGNEE,NO ADDRESS,GEORGETOWN - GUYA,William G. Moore & Son,2018,VARIETY WOODS GREENHEART LTD
"'SHIPPER-S LOAD, COUNT & SEAL'(18CRATES) CY / CYBIRCH PLYWOODFREIGHT COLLECTNO WOOD PACKING MATERIAL IS USEDIN THE SHIPMENT.",BRIDGEWELL RESOURCES LLC,BRIDGEWELL RESOURCES LLC,"LINYI ANSHUN TIMBER CO., LTD.",06/08/2011,55000,25000,Pusan,"Los Angeles, California",HYUNDAI COLOMBO,South Korea,PO#: 00622323,10200 SW GREENBURG RD SUITE 500 TIGARD OREGON 97223 U.S.A. TEL:503.872.3566,"ZHUBAO INDUSTRIAL ZONE, LANSHAN DISTRICT, LINYI CITY, CHINA TEL: 0086-539-8553588 FAX: 0086-539-8553566",97223,1,HDMU6369430,45G0,18,CT,0, ,HDMUQILA1420780, , ,0037E,HD1511646,PANAMA,00 - Consumption Category,HDMU,HYUNDAI MERCHANT MARINE,SEOUL, , ,879 W 190TH ST 7TH FL,BRIDGEWELL RESOURCES LLC, ,"QINGDAO, CHINA",Bridgewell Resources,2011,"LINYI ANSHUN TIMBER CO., LTD."
"O5 07 14-EFPI GREEN ENDS P.O.G PCS ROUGH SAWN GREENHEART LUMBER 2,361 BM PCS ROUGH SAWN TATABU LUMBER 1,136 BM PCS ROUGH SAWN DARINA LUMBER 680 BM PCS ROUGH SAWN SHIBIDAN LUMBER 510 BM 05 02 14-EFPI GREEN ENDS P.O.G PCS ROUGH SAWN KABUKALLI LUMBER 1,152 BM PCS ROUGH SAWN BURADA LUMBER 960 BM PCS ROUGH SAWN TATBU LUMBER 720 BM PCS ROUGH SAWN DARINA LUMBER 480 BM 05 08 14-EFPI P.O.G PCS BAROMALLI PLYWOOD(1 CRATE)",EVERGREEN FOREST PRODUCTS,EVERGREEN FOREST PRODUCTS INC,VARIETY WOODS & GREENHEART LTD,2014-06-11 00:00:00,47845,21748,Port Bustamante,"New York, New York",VEGA NIKOLAS,Jamaica,NO MARKS NO MARKS NO MARKS NO MARKS NO MARKS NO MARKS NO MARKS NO MARKS NO MARKS NO MARKS NO MARKS NO MARKS NO MARKS NO MARKS NO MARKS NO MARKS NO MARKS NO MARKS NO MARKS NO MARKS,578 SOUND AVENUE PO BOX 922 WADING RIVER NY 11792 USA,"99 LALUNI ST QUEENSTOWN GEORGETOWN, GUYANA GUY",11792,1,TGHU9137075, ,182,CNT,0, ,SMLU3710463A, , ,149,292352 G1764197,LIBERIA, ,SMLU,SEABOARD MARINE LTD,MIAMI,FL,33166,8001 NW 79TH AVE,EVERGREEN FOREST PRODUCTS,578 SOUND AVENUE PO BOX 922 WADING RIVER NY 11792 USA,GEORGETOWN,Evergreen Forest Products,2014,VARIETY WOODS GREENHEART LTD
ROUND GREENHEART PILES (9 PIECES - 36' L ENGTHS) (13 PIECES - 44' LENGTHS) BUTT DI AMETERS: 12 -16 FREIGHT COLLECT ALL LOC AL CHARGES AT DESTINATION FOR CONSIGNEE'S ACCOUNT SAID TO BE SAID TO WEIGH,WOODS DIRECT INTERNATIONAL LLC,WOODS DIRECT INTERNATIONAL LLC,WOODS DIRECT INC,2016-11-06 00:00:00,56173,25533,Port Bustamante,"New York/Newark Area, Newark, New Jersey",ZIM SAN FRANCISCO,Jamaica,WHITE & BLUE ENDS,16877 EAST COLONIAL DR # 305 ORLAND O FLORIDA 32820 USA TEL:1 407 982 3 328,LOT 48 COVENT GARDEN EAST BANK DEM ERARA GUYANA,32820,1,ZCSU9006695,9500,22,PCS,0,CF,ZIMUGTG10297, , ,37W,CTA368395 ZZCK94561,MALTA, ,ZIMU,ZIM ISRAEL NAVIGATION CO LTD,HAIFA, , , ,SAME AS CONSIGNEE,NO ADDRESS,GEORGETOWN,Woods Direct International,2016,WOODS DIRECT INC
FROZEN IQF PINEAPPLE CHUNKS,BRIDGEWELL RESOURCES LLC,BRIDGEWELL RESOURCES LLC,GLOBAL FROZEN SA,03/12/2013,38958,17708,Puerto Limon,"Los Angeles, California",EVER REFINE,Costa Rica,NONE,12420 SE CARPENTER DRIVE CLACKMAS OREGON US,"100 OESTE DE LA PLAZA DE DEPORTES BARREAL, HEREDIA 506 CR", ,1,TCLU1264578,45R1,976,BOX,0, ,BAMHCREXJ00325,H,EGLV476300007006,573,EMCBSR9342,PANAMA, ,BAMH, , , , , ,TOTAL LOGISTICS RESOURCES LLC,"5362 NE 112 AVE,PORTLAND OREGON US",TIERRA BLANCA CAR,Bridgewell Resources,2013,GLOBAL FROZEN SA
"THE SAME 02X40-HC CONTAINING: 36 BUNDLES WITH: MOLDED PINE WOOD FORMOULDINGS SPLIT JAMBS RAW, LWM49 CROWN RAW, LWM47 CROWN RAW, WM356 CASING RAW CLEAN ON BOARD SHIPPED ON BOARD FREIGHT COLLECT FREIGHT AS PER AGREEMENT EXPRESS RELEASE RE: 13/1197711-001 RE: 13/1197735-001 SD: 2130923461/2",BRIDGEWELL RESOURCES, ,LINEA PARAN MADEIRAS LTDA.,09/30/2013,96800,44000, ,"Charleston, South Carolina",CAP HENRI, ,NO MARKS NO MARKS CES CHARLESTON P.O-S.: 123416 67 4097 P.O-S.: 133409 68 5087,"10200 SW GREENBURG RD. PORTLAND, OR 97223 PORTLAND, OR 97223 OR 97223 US","RUA VITORIO GIRARDI, 100 FONE: (43) 3567-8300 / FAX: (4 SENG S - PARAN - B PR 84220-000 BR",97223,2,TTNU9907578 KHJU7405137,4500 4510,36,PKG,0,CM,SUDU639106257009, , ,032N,BOLT4271473 BOLT4271471,LIBERIA, ,SUDU,HAMBURG SUED,HAMBURG, ,D-20415,WILLY-BRANDT-STRASSE 59-61 POSTFATCH 11 15,BRIDGEWELL RESOURCES,"10200 SW GREENBURG RD. PH: 503 872-3535 FX: 503 238-2 PORTLAND, OR 97223 OR 97223 US",ITAPOA SC BR,Bridgewell Resources,2013,G13 MADEIRAS LTDA
"WITH 44,652 M3 17.532 KN FINGER JOINT FLAT JAMBS KILN DRIED MANUFACTURED RADIATA PINE. PRODUCT OF CHILEAN ORIGIN AS PER PO: 00610560 FREIGHT PREPAID REF: 801850551 --FREIGHT AS PERAGREEMENT--",BRIDGEWELL RESOURCES LLC,BRIDGEWELL RESOURCES LLC,ASERRADEROS ARAUCO SA,12/21/2010,38960,17709,Ancud,"New York/Newark Area, Newark, New Jersey",MSC MANDRAKI,Chile,NO MARKS SAME SAME SAME SAME,10200 SW GREENBURG ROAD SUITE 500 TIGARD OR 97223 UNITED STATES,"EL GOLF 150, 13TH FLOOR LAS CONDES RM 755-0107 CHILE",97223,1,MSCU9271545,4510,28,PKG,44,CM,MSCULL737982, , ,16R,180214,GREECE,00 - Consumption Category,MSCU,MSC-MEDITERRANEAN SHIPPING COMPANY S A,GENEVA, ,CH 1206,40 AVENUE EUGENE PITTARD,BRIDGEWELL RESOURCES LLC, ,CORONEL,Bridgewell Resources,2010,ASERRADEROS ARAUCO S.A.
"1800 BAGS(ONE THOUSAND EIGHT HUNDRED BAGS ONLY)PROCESSED CLEANED GRADED STERILIZED NIGERSEEDSONLY FOR BIRD FEED NOT FOR HUMAN CONSUMPTIONSCIENTIFIC NAME : GUIZOTIA ABYSSINICAPACKING: 25LBS PP NON WOVEN SAC BAGS,PALLETIZED SHRINKEDWRAPPED WITH CARDBOARD SHEETS ON TOP ANDBOTTOM OF PALLETSBTH#478 DOP 09.20.2011HS CODE: 12079930S B NO. 5589496 DT. 26.09.2011BUYER-S FDAREGN. NO. 1355204708OUR FDA REGN.NO.17734742672",BRIDGEWELL RESOURCES LLC,BRIDGEWELL RESOURCES LLC,SHAH NANJI NAGSI EXPORTS PVT LTD,11/28/2011,46090,20950,Nhava Sheva,"Los Angeles, California",SL CHARGER,India,PREMUIM INDIAN NYJER SEED NO MARKS NO MARKS NO MARKS NO MARKS NO MARKS NO MARKS NO MARKS NO MARKS NO MARKS NO MARKS NO MARKS NO MARKS NO MARKS NO MARKS NO MARKS NO MARKS NO MARKS NO MARKS,"FOOD AND AG PRODUCTS DIVISION 12420 SE CARPENTER DRIVE,CLACKMAS, OR-97015,U.S.A. OR 97015 US","ANAJ BAZAR, ITWARI, NAGPUR 440002 IN",97015,1,UESU4290565,42B0,1800,BAG,0, ,FEXLFMLOA4683,H,CMDUIN1701972,UN165,483255,UNITED STATES,00 - Consumption Category,FEXL,FALCON EXPRESS LINES INC,JAMAICA,NY,11434,159-11 ROCKAWAY BLVD, , ,JAWAHAR LAL,Bridgewell Resources,2011,SHAH NANJI NAGSI EXPORTS PVT.LTD.
LUMBER PRODUCTS,BRIDGEWELL RESOURCES LLC,BRIDGEWELL RESOURCES LLC,DAUNE IMPORTACAO E EXPORTACAO LTDA,03/13/2014,43534,19788,Itajay,"Houston, Texas",NAVEGANTES EXPRESS,Brazil,MADE IN BRAZIL,10200 SW GREENBURG RD. - SUITE 500 TIGARD OR 97223,"R. GIL STEIN FERREIRA, 357 ITAJAI SC BR",97223,1,INKU6252969, ,22,PKG,0, ,PYRDITJ7003937,H,CPLBKHRA31N00,1402,LT0878502,LIBERIA, ,PYRD,PYRAMID CONTAINER LINE, , , , , , ,ITAJAI,Bridgewell Resources,2014,DAUNE IMPORTACAO E EXPORTACAO LTDA
PCS GREENHEART PILES 750 LN. FT. (CHLOROCARDIUM RODIEI),EVERGREEN FOREST PRODUCTS,EVERGREEN FOREST PRODUCTS INC,TRADE LINC,2014-04-30 00:00:00,43730,19877,Port Bustamante,"New York, New York",VEGA NIKOLAS,Jamaica,NO MARKS NO MARKS,578 SOUND AVENUE PO BOX 922 WADING RIVER NY 11792 USA,"37 AREA -Q- TURKEYEN EAST COAST DEMERARA, GUYANA GUY",11792,1,SMLU7860721, ,25,CNT,0, ,SMLU3676352A, , ,146,286627 G1764002,LIBERIA, ,SMLU,SEABOARD MARINE LTD,MIAMI,FL,33166,8001 NW 79TH AVE,EVERGREEN FOREST PRODUCTS,578 SOUND AVENUE PO BOX 922 WADING RIVER NY 11792 USA,GEORGETOWN,Evergreen Forest Products,2014,TRADE-LINC
"COCONUT OIL IN DRUMS 1 X 20' DRY CONTAINER VAN CONTAINING 18.30 MT OF CERTIFIED ORGANIC RBD COCONUT OIL, NOP CERTIFIED, PH-BIO-154 PACKED IN 1000 LITER SPACEKRAFT CORRUGATED IBC WITH HEATING ELEMENT (110V), AS PER SPECIFICATIONS OF SC GLOBAL COCO PRODUCTS, INC. . NET WEIGHT 18.30 MT THE SAME THE SAME THE SAME",BRIDGEWELL RESOURCES LLC,BRIDGEWELL RESOURCES LLC,"SC GLOBAL COCO PRODUCTS, INC.",04/23/2015,42372,19260,Kaohsiung,"Los Angeles, California",EVER SMILE,China Taiwan,"ORGANIC RBD COCONUT OIL ORGANIC RBD COCONUT OIL LOT NO. 064 150311 008 MFG. DATE 11/MARCH/2015 NET WEIGHT 915 KG. INGREDIENTS ORGANIC COCONUT OIL STORAGE CONDITIONSCOOL ( 70 F/21 C) DO NOT EXPOSE TO OXYGEN, HEAT,LIGHT AND MOISTURE MANUFACTURED IN PHILIPPINES","10200 SW GREENBURG RD., STE 500 TIG ARD, OR 97223 USA TRL 503-872-3566 LOCAL 800-570-3566 TOLL FREE","NATIONAL HIGHWAY, BRGY. CARIDAD, BAYBAY CITY, LEYTE PHILIPPINES 6521",97223,1,EITU0093727,22G1,20,PKG,25,X,EGLV061500007774, , ,0765E,EMCEHM9953,UNITED KINGDOM, ,EGLV,EVERGREEN LINE,TAOYUAN HSIEN 338, , ,NO 163 SEC 1 HSIN-NAN ROAD LUCHU HSIAN,BRIDGEWELL RESOURCES FOOD & AG,"PRODUCTS DIVISION 12420 SE CARPENTER DR CLACKAMAS, OR LOCAL 800-570-3566 TOLL FREE",CEBU,Bridgewell Resources,2015,"SC GLOBAL COCO PRODUCTS, INC."
PCS WAMARADAN LUMBER EFP INVOICE# 177 PCS WAMARADAN LUMBER EFP INVOICE# 177 PCS WAMARADAN LUMBER EFP INVOICE# 177,EVERGREEN FOREST PRODUCTS INC,EVERGREEN FOREST PRODUCTS INC,EVERGREEN FOREST PRODUCTS INC.,2022-12-07 00:00:00,110275,50125,Port Bustamante,"New York, New York",ERATO,Jamaica,NO MARKS NO MARKS NO MARKS NO MARKS NO MARKS NO MARKS,578 SOUND AVE PO BOX 922 WADING RIVER NY 11792 USA,67 SECTION A BLOCK X GREAT DIAMOND EAST DEMERARA GUYANA GUY,11792,3,FWRU0119486 SMLU7949439 SEGU5147544,4510 4510 4510,57,PCS,0, ,SMLU7353122A, , ,72,611274 G3112641 611277 G3112637 611276 G3112636,LIBERIA, ,SMLU,SEABOARD MARINE LTD,MIAMI,FL,33166,8001 NW 79TH AVE,BRAUNER INT'L GROUP,146-35 167TH ST STE 202 JAMAICA NY 11434 USA,GEORGETOWN,Evergreen Forest Products,2022,EVERGREEN FOREST PRODUCTS INC
(17 PIECES ROUND GREENHEART PILINGS 7.47M3) PO # WGM 7827 (16 PIECES ROUND GREENHEART PILING -9.85 M3) PO # WGM 7828 FREIGHT COLLECT ALL LOCAL CHARGES AT DESTINATION FOR CONSIGNEE-S ACCOUNT SAID TO BE SAID TO WEIGH,WILLIAM G. MOORE & SON INC OF,WILLIAM G. MOORE & SON INC,VARIETY WOODS & GREENHEART LIMITED,2012-02-12 00:00:00,48082,21855,Port Bustamante,"New York/Newark Area, Newark, New Jersey",ZIM HAIFA,Jamaica,PINK & GREY ENDS,"DELAWARE 218 SCHANCK ROAD, SUITE # 2 PO BOX 6309 FREEHOLD NJ 07728 USA TEL:732-303-6049 FAX:732-303-6075",99 LALUNI STREET QUEENSTOWN GEORGET OWN GUYANA,7728,1,ZCSU8691362,4500,33,PCS,17,CF,ZIMUGTG04576, , ,30W,ZZC165311/,ISRAEL,00 - Consumption Category,ZIMU,ZIM ISRAEL NAVIGATION CO LTD,HAIFA, , , ,SAME AS CONSIGNEE, ,GEORGETOWN,William G. Moore & Son,2012,VARIETY WOODS GREENHEART LTD
PCS DRESSED AND ROUGH SAWN GREENHEART LUMBER (INV# 393),EVERGREEN FOREST PRODUCTS INC,EVERGREEN FOREST PRODUCTS INC,NAZIR TROPICAL TIMBERS,2019-07-09 00:00:00,52910,24050,Port Bustamante,"New York, New York",AS ANGELINA,Jamaica,NO MARKS NO MARKS,578 SOUND AVE PO BOX 922 WADING RIVER NY 11792 USA,"172 SECTION C BLOCK Y GROVE EAST BANK DEMERARA, GUYANA GUY",11792,1,SMLU7937119, ,256,PCS,0, ,SMLU5705648A, , ,52,503577 G2402237,PORTUGAL, ,SMLU,SEABOARD MARINE LTD,MIAMI,FL,33166,8001 NW 79TH AVE,BRAUNER INTERNATIONAL CORP,66 YORK ST FL 2 JERSEY CITY NJ 07302-3839 USA,GEORGETOWN,Evergreen Forest Products,2019,NAZIR TROPICAL TIMBERS
PINE FJ PRIMED MOULDINGS,BRIDGEWELL RESOURCES LLC,BRIDGEWELL RESOURCES LLC,ARAUPEL S.A.,07/07/2012,43604,19820, ,"New York, New York",NYK CLARA, ,AS ADDR,"10200 SW GREENBURG RD. PORTLAND, OR, 97223, U.S.A.","RUA GEN. CAMARA, 243 - 6O ANDAR - 90010-230 - PORTO ALEGRE - RS - BRAZIL",97223,1,HDMU6175271, ,21,PCS,0, ,SQSTALLRIG197,H,HDMUBRWB1259499,0712E,HMM033494,SINGAPORE,00 - Consumption Category,SQST,SEAQUEST LINE,NEW TERRITORIES, , ,100 YEUNG UK RD, , ,"NAVEGANTES, BRAZI",Bridgewell Resources,2012,ARAUPEL S/A
POPLAR CORE BIRCH VENEER PLYWOODPOPLAR CORE BIRCH VENEER PLYWOODPLYWOODPOPLAR CORE BIRCH VENEER PLYWOODNO WOOD PACKING MATERIAL IS USED IN THESHIPMENT,BRIDGEWELL RESOURCES LLC,BRIDGEWELL RESOURCES LLC,"LINYI ANSHUN TIMBER CO., LTD.",07/26/2011,110000,50000,Colon,"Baltimore, Maryland",EVER DEVOTE,Panama,PO#:00623627 PO#:00623627 PO#:00623627 THE SAME THE SAME THE SAME,10200 SW GREENBURG RD SUITE 500 TIGARD OREGON 97223 U.S.A. TEL:503.872.3566,"ZHUBAO INDUSTRIAL ZONE, LANSHAN DISTRICT, LINYI CITY, CHINA TEL: 0086-539-8553588 FAX: 0086-539-8553566",97223,2,DRYU9243766 DRYU9243920,45G0 45G0,36,CRT,95,CM,EGLV140100437996, , ,0581E,EMCGFZ7298 EMCGFZ6698,SINGAPORE,00 - Consumption Category,EGLV,EVERGREEN LINE,TAOYUAN HSIEN 338, , ,NO 163 SEC 1 HSIN-NAN ROAD LUCHU HSIAN,BRIDGEWELL RESOURCES LLCRICHARD MURRAY, ,"QINGDAO, CHINA",Bridgewell Resources,2011,"LINYI ANSHUN TIMBER CO., LTD."
BRIDGEWELL RESOURCES HOLD THE PEFC CHAIN OF CUSTODY CERTIF ICATE NO.: NSF-PEFC-COC-C01788 98 ISSUED BY NSF ISR ALL MAT ERIAL IS 100% PEFC WRC HT RO UGH PEFC BRIDGEWELL RESOURCES HOLD THE PEFC CHAIN OF CUSTODY CERTIF ICATE NO.: NSF-PEFC-COC-C01788 98 ISSUED BY NSF ISR ALL MAT ERIAL IS 100% PEFC WRC HT RO UGH PEFC BRIDGEWELL RESOURCES HOLD THE PEFC CHAIN OF CUSTODY CERTIF ICATE NO.: NSF-PEFC-COC-C01788 98 ISSUED BY NSF ISR ALL MAT ERIAL IS 100% PEFC WRC HT RO UGH PEFC BRIDGEWELL RESOURCES HOLD THE PEFC CHAIN OF CUSTODY CERTIF ICATE NO.: NSF-PEFC-COC-C01788 98 ISSUED BY NSF ISR ALL MAT ERIAL IS 100% PEFC WRC HT RO UGH PEFC BRIDGEWELL RESOURCES HOLD THE PEFC CHAIN OF CUSTODY CERTIF ICATE NO.: NSF-PEFC-COC-C01788 98 ISSUED BY NSF ISR ALL MAT ERIAL IS 100% PEFC WRC HT RO UGH PEFC,TO ORDER BRIDGEWELL RESOURCES LLC, ,BRIDGEWELL RESOURCES LLC,04/09/2015,180117,81871,"Vancouver, BC","Seattle, Washington",MAERSK DANANG,Canada,N/MN/MN/MN/MN/M,"10200 SW GREENBURG RD STE 500 TIGARD,OR 97223 UNITED STATES 60-320702288 TEL EX 60-32070 11","10200 SW GREENBURG RD STE 500 TIGARD,OR 97223 UNITED STATES 1-5032311166 TEL EX 1-503238 26",60-32070,5,MSKU9121652 MRKU4026985 UESU4527929 MSKU8978580 MAEU8382632,4EB0 4EB0 4EB0 4EB0 4EB0,84,BDL,207,CM,MAEU953214644, , ,512N,3382112 3382108 3382111 3382110 3382113,LIBERIA, ,MAEU,MAERSK LINE,MADISON,NJ,07940-0880,"2 GIRALDA FARMS, MADISON AVE.",MARAN ROAD SAWMILL SDN BHD,28 MEDAN PASAR KUALA LUMPUR 50050 MALAYSIA 60-320702288 TEL EX 60-32070 11,VANCOUVER,Bridgewell Resources,2015,BRIDGEWELL RESOURCES LLC
BIRCH PLYWOODBIRCH PLYWOODNO WOOD PACKING MATERIAL IS USED IN THESHIPMENT,BRIDGEWELL RESOURCES LLC,BRIDGEWELL RESOURCES LLC,"LINYI ANSHUN TIMBER CO., LTD.",11/01/2011,55000,25000,Ching Tao,"New York/Newark Area, Newark, New Jersey",EVER REFINE,China,PO#: BWR629277 PO#: BWR629277 THE SAME THE SAME,10200 SW GREENBURG RD SUITE 500 TIGARD OREGON 97223 U.S.A. TEL:503.872.3566,"ZHUBAO INDUSTRIAL ZONE, LANSHAN DISTRICT, LINYI CITY, CHINA TEL: 0086-539-8553588 FAX: 0086-539-8553566",97223,1,FCIU8188105,45G0,18,CRT,50,CM,EGLV140100770075, , ,0504E,EMCACS6931,PANAMA,00 - Consumption Category,EGLV,EVERGREEN LINE,TAOYUAN HSIEN 338, , ,NO 163 SEC 1 HSIN-NAN ROAD LUCHU HSIAN,BRIDGEWELL RESOURCES LLCRICHARD MURRAY, ,"QINGDAO, CHINA",Bridgewell Resources,2011,"LINYI ANSHUN TIMBER CO., LTD."
URUGUAYAN PINE KD BLANKS S2S,BRIDGEWELL RESOURCES, ,DANK S.A.,04/06/2014,52360,23800,Cartagena,"Oakland, California",SANTA RAFAELA,Colombia,PCS 3175,"10200 SW GREENBURG RD STE 500 TIGARD, OR 97223 US","JUAN PAULILIER 1671 MONTEVIDEO, UY", ,1,TRLU7499748, ,22,PKG,0,CM,SHKK858000110010,H,HLCUMVD140200526,03W09,4618,GERMANY, ,SHKK,SCHENKEROCEAN LIMITED,WANCHAI, , ,38 FL CHINA RESOURCES BLDG 26 HARBOUR RD, , ,MONTEVIDEO,Bridgewell Resources,2014,DANK S.A.
FREIGHT COLLECT ROUGH SAWN GREENHEART LUMBER - 8064BM/19.02CB,EVERGREEN FOREST PRODUCTS INC,EVERGREEN FOREST PRODUCTS INC,VARIETY WOODS GREENHEART LTD,2024-11-13 00:00:00,63272,28760,Port Bustamante,"New York, New York",MARFRET GUYANE,Jamaica,EFPI PO 55633/POG/ WAXED ENDS,"PO BOX 922 578 SOUND AVENUE WADING RIVER, NY 11792 TE UNITED STATES",99 LALUNI STREET QUEENSTOWN GEORGETOWN TE GUYANA,11792,1,CMAU5619034,4500,138,PCS,0,CM,CMDUCUY0113181, , ,0UAIT,C7689318 CETO175842,FRANCE, ,CMDU,COMPAGNIE MARITIME D-AFFRETEMENT,NORFOLK,VA,23502,5701 LAKE WRIGHT DR,EVERGREEN FOREST PRODUCTS INC,"PO BOX 922 578 SOUND AVENUE WADING RIVER, NY 11792","GEORGETOWN, GY",Evergreen Forest Products,2024,VARIETY WOODS GREENHEART LTD
GREENHEART LUMBER R/S FREIGHT COLLECT AL L LOCAL CHARGES AT DESTINATION FOR CONSIG NEE-S ACCOUNT SAID TO BE SAID TO WEIGH,WILLIAM G. MOORE & SON INC,WILLIAM G. MOORE & SON INC,DURABLE WOOD PRODUCTS ENT.,2013-08-08 00:00:00,26500,12045,Port Bustamante,"New York/Newark Area, Newark, New Jersey",ZIM PUSAN,Jamaica,WGM 8136 POG,"OF DELAWARE 218 SCHANCK ROAD, PO BO X 6309 FREEHOLD NEW JERSEY 07728 US A",81 STONE AVENUE SECTION M CAMPBELLV ILLE GEORGETOWN GUYANA,7728,1,TCNU5358522,4500,104,PCS,21,CF,ZIMUGTG06387, , ,38W,CTA248518 ZZZC914944,UNITED KINGDOM, ,ZIMU,ZIM ISRAEL NAVIGATION CO LTD,HAIFA, , , ,SAME AS CONSIGNEE,NO ADDRESS,GEORGETOWN,William G. Moore & Son,2013,DURABLE WOOD PRODUCTS ENT.
"PINE PLYWOOD B/C WBP GLUE. 44123900 PINE PLYWOOD B/C WBP GLUE. 44123900 03X40HC CONTAINER CONTAINING 57 CRATES WITH ELLIOTII PINE PLYWOOD B/C WBP GLUE. FOB BRAZILIAN PORTMILL CODE: FWI-157 EPA / CARB PHASE 2 TPC NO: FII (TPC-30) LOT NO: 073 THIS PRODUCT IS COMPLIANT WITH CARB 93120.2(A) AND EPA TSCA TITLE VI CERTIFIED WOODEN PACKAGE: PROCESSED. SHIPPED ON BOARDFREIGHT COLLECT DU-E:, 19BR000779464-8 RUC: 9BR04217291100000000000000 000539542 NCM: 44123900 HS CODE/SH: 441239 CONTRACT: PFI 11-2019 NM B INVOICE: NM 067/19 NET WEIGTH TOTAL: 79.680,000 KG SHIPPER CONTINUATION CONTACT: SR. GILSON 44123900",EVERGREEN FOREST PRODUCTS INC,EVERGREEN FOREST PRODUCTS INC,COMPENSADOS NM LTDA,2019-07-16 00:00:00,175296,79680,Navagantes,"Baltimore, Maryland",MSC ORIANE,Brazil,NO MARKS NO MARKS PO# 55134 SAME SAME SAME SAME SAME SAME SAME SAME SAME SAME SAME,578 SOUND AVENUE WADING RIVER NY 11792 UNITED STATES,"RUA NITEROI, 3222/SC 421- NITEROI PRESIDENTE GETULIO SC 89150-000 BRA",11792,3,BMOU6944782 TGHU6012433 MEDU8301180,4510 4510 4510,57,CRT,152,X,MEDUIJ510623, , ,924R,FJ03837644 FJ03837643 FJ03837645,PANAMA, ,MEDU,MSC MEDITTERRANEAN SHIPPING COMPANY SA,GENEVA, , , ,BRAUNER INTERNATIONAL CORPORATION (,66 YORK STREET SUITE 100 JERSEY CITY NJ 07302 UNITED STATES,NAVEGANTES,Evergreen Forest Products,2019,COMPENSADOS NM LTDA
