objectid,indicatif,aff_code,toponyme,n_concessi,sup_sig,bureau_cer,wood_vol06,wood_vol07,wood_vol08,rfa_ha,validite,attributai,date_attri,exploitant,groupe_par,province,departemen,commune,sup_provis,classement,date_class,ref_classe,sup_defini,plan_amgmt,date_appro,ref_appro,observatio,certif_fm,certif_cw,certif_leg,date_fm,date_cw,date_legal,statut,shape_leng,nom,ref_doc_of,type_doc_o,date_,classe,gfwid,globalid,shape_Length,shape_Area
1,041000701,Fx,11-004,1089,15232.8440193, ,0,33228,26652,1600,V,SEFECAM,2006,Boitex,NA,Sud Ouest,Manyu, ,15310,EnCours,NA,NA,NA,Plan Aménagement Approuvé,2009,ND, , , , , , , ,Attribué,62566.9920576, , , , , ,e646838d-f557-48a0-8890-c6bffc5c84ff,{0E20F111-54F2-487D-95E2-5A8C47820E9F},63140.7694876366,155100242.062586
2,041000701,Fx,11-003,1089,32454.5457961, ,0,0,0,1600,V,SEFECAM,2006,Boitex,NA,Sud Ouest,Manyu, ,32620,Classee,1997,97/073/P,32620,Plan Aménagement Approuvé,2009,ND, , , , , , , ,Attribué,135308.993178, , , , , ,576a6001-60b1-450e-a82a-0d5ed68e2283,{EC3F108A-D2E8-4325-865D-130C056FD5B2},136498.161644668,330391519.089552
3,041000701,Fx,10-065,1090,97605.9524379, ,0,33660,26576,4250,V,SFW, ,NA,NA,Est,Lom et Djerem, ,97122,EnCours,NA,NA,NA,Sans plan d'aménagement,NA,NA, , , , , , , ,Attribué,158500.05374, , , , , ,87a4de5f-80e2-460f-bb56-36b9dfbcaf70,{9760D04F-10CB-427B-B343-53A173C99B45},159318.795191978,984553771.562811
4,041000701,Fx,10-026,1040,128225.154227,Bureau Veritas,52219,42580,39810,4100,V,ALPICAM,2010,ALPICAM,ALPI,Est,Boumba et Ngoko/Kadey,Garigombo,128449,Classee,2005,2005/0258/PM du 26 Jan 2005,126988,Plan Aménagement Approuvé,2004,2385/L/MINEF/SG/DF/SDIAF/SI, , , ,OLB, , ,14/05/2009,Attribué,172444.617011, , , , , ,16a1c5f2-beb0-4bac-b84c-874c40bbc3d6,{0AFA5EDF-FA2C-4280-8C91-936268DE2BE6},172486.875114712,1284457860.22422
5,041000702,Fx,10-025,1070,48320.4247353,RA-Cert,33890,23645,25259,1620,V,SFIL,2010,SFIL,DECOLVENAERE,Est,Boumba et Ngoko,Garigombo,76002,Classee,2005,2005/0257/PM du 26 Jan 2005,47823,Plan Aménagement Approuvé,2009, , , , ,VLC, , ,03/06/2013,Attribué,120999.701301, , , , , ,f852f0f2-177b-4dc0-9c4c-085f53a2cb4e,{22928A2D-6D9E-4FC8-93F7-5FBA774A0D77},121176.794663351,499618325.839405
6,041000701,Fx,10-021,1018,66615.3419452,RA-Cert,43245,37232,27601,1500,V,Green Valley Inc.,2010,SFIL,DECOLVENAERE,Est,Boumba et Ngoko,Yokadouma,71533,Classee,2005,2005/0254/PM du 26 Jan 2005,66183,Plan Aménagement Approuvé,2004,0224/N/MINEF/SG/DF/SDIAF/SA, , , ,VLC, , ,08/04/2013,Attribué,132530.429627, , , , , ,8349a5f5-1598-43e0-9628-3c0baebbf5eb,{A1E76CB8-B888-4B99-A1C8-27D81DC39784},132613.377724494,666973287.083775
7,041000701,Fx,10-023,1007,58582.2711484, ,43250,23942,34249,1500,V,SFCS,1997,ALPI,ALPI,Est,Boumba et Ngoko,Yokadouma,62389,Classee,2005,2005/0256/PM du 26 Jan 2005,57996,Plan Aménagement Approuvé,2004,0221/N/MINEF/SG/DF/SDIAF/SA, , , , , , , ,Attribué,121283.591427, , , , , ,ded7be83-1a4f-407a-b8ea-42a78d1803fa,{086BA9A5-24BA-4ED7-8167-537D1107EE20},121303.119911787,586122707.756658
8,041000701,Fx,10-020,1038,83241.4134495, ,0,34941,15111,1835,V,SIM,2012,SIM,SIM,Est,Boumba et Ngoko,Yokadouma,82571,Classee,2005,2005/0253/PM du 26 Jan 2005,82571,Plan Aménagement Approuvé,2004,1099/N/MINEF/SG/DF/SDIAF/SA, , , , , , , ,Attribué,154842.727965, , , , , ,d946b1cb-4168-4f35-bbf4-5ac65c290d1f,{0982E27E-EB60-449F-9CC4-A8FFE93B49DC},154971.342192807,833326416.60074
9,041000701,Fx,10-022,1039,35509.2721283, ,15316,0,4115,4500,V,SIM,2012,SIM,SIM,Est,Boumba et Ngoko,Yokadouma,48864,Classee,2005,2005/0255/PM du 26 Jan 2005,35090,Plan Aménagement Approuvé,2004,0019/N/MINFOF/SG/DF/SDIAF/SA, , , , , , , ,Attribué,95573.5067899, , , , , ,7d3de205-404b-493a-adab-50ca16ec3636,{6F3EB8AF-D788-435A-891A-8EC9F9F157B5},95614.4701501766,355271265.905878
10,041000702,Fx,10-028,1098,78314.4867679, ,0,0,0,4300,V,Multi-Services Plus,2012,ND,ND,Est,Haut Nyong, ,91063,NA,NA,NA,NA,Sans plan d'aménagement,NA,NA,0214/C/MINFOF/SG/DF/SDAFF/SAG DU 28 Août 2012, , , , , , ,Attribué,155891.530551, , , , , ,82e6eee9-3733-4d13-a0e5-973724172677,{00249BC0-86F2-4678-9FE5-DB9C6D038EA9},156070.598357419,784452288.217941
11,041000702,Fx,10-027,1097,32078.6969342, ,0,0,0,4100,V,SFEES,2012,ND,ND,Est,Haut Nyong, ,63728,NA,NA,NA,NA,Sans plan d'aménagement,NA,NA,0214/C/MINFOF/SG/DF/SDAFF/SAG DU 28 Août 2012, , , , , , ,Attribué,105881.580685, , , , , ,f5afb4a4-5f64-4867-beb2-f10ec235274d,{E892BFD8-03A7-4C7E-9B0E-935EABC77D3E},105883.03654665,321102528.14756
12,041000701,Fx,10-015,1004,130754.326906,RA-Cert,66757,6042,24960,1500,V,CIBC,2001,CIBC,VICWOOD,Est,Boumba et Ngoko,Moloundou,155421,Classee,2005,2005/0251/PM du 26 Jan 2005,130273,Plan Aménagement Approuvé,2005,0078/N/MINFOF/SG/DF/SDIAF/SA, , , ,VLC, , ,25/04/2013,Attribué,228951.80795, , , , , ,1e08d148-2649-45a5-94a6-a5f2dd6f165b,{92E5075E-F353-4EA2-B742-2E19ACA451F1},228734.917975356,1305075734.02053
13,041000701,Fx,09-025,1011,88275.6598703,Bureau Veritas,20775,13687,5013,1500,V,SCIEB,1997,SCIEB,WIJMA,Sud,Ocean,Campo,86788,Classee,2005,2005/0527/PM du I4 Fev 2005,88148,Plan Aménagement Approuvé,2004,1094/N/MINEF/SG/DF/SDIAF/SA, ,FSC, ,OLB,10/06/2012, ,16/02/2012,Attribué,233281.116145, , , , , ,18213ffe-65fd-4170-bb90-80182eac3f91,{15D70538-20FE-4526-8AC9-402DA623F555},234361.926014559,890814345.226262
14,041000701,Fx,08-004,1017,86397.8809176, ,33140,34514,28456,1500,V,EFMK,1997,EFMK,KHOURY,Centre,Mbam et Kim,Ngambe Tikar,126160,Classee,2005,2005/0603/PM du 1 Mars 2005,88050,Plan Aménagement Approuvé,2004,014/N/MINFOF/SG/DF/SDIAF/SA, , , , , , , ,Attribué,220378.808728, , , , , ,09d35d61-9b90-4e1e-b33f-57fbcbc0e7c9,{D8D24581-3472-4A7D-8D5D-3BFD9A6C65F6},222221.562195153,877008653.836252
15,041000701,Fx,10-029,1014,46991.3611671, ,7536,12796,7266,1500,V,SFDB,1997,SIM,SIM,Est,Haut Nyong,Messok,46922,Classee,2004,2004/2446/PM du 08 Dec 2004,46922,Plan Aménagement Approuvé,2004,0016/N/MINFOF/SG/DF/SDIAF/SA, , , , , , , ,Attribué,112815.161251, , , , , ,6d6f3e51-dad5-4e03-9868-9f8cb95b11a3,{4063379C-FD26-4E2D-9183-4A01AB59BE9C},112866.615235432,470740946.582571
16,041000701,Fx,09-004b,1033,71093.6741614, ,17157,10157,0,2025,V,FIPCAM,2012,FIPCAM,FIPCAM,Sud,Dja et Lobo,Djoum,81335,EnCours,NA,NA,NA,Plan Aménagement Approuvé,2004,018/N/MINFOF/SG/DF/SDIAF/SA, , , , , , , ,Attribué,140715.925293, , , , , ,0c34d05d-b8d6-48e5-b646-6a34da5c2a81,{61E74D62-36C2-4F76-8BF6-A6CD8EC52D7D},141084.442863824,714414479.241602
17,041000702,Fx,10-055,1071,40465.9131524, ,9062,0,0,2100,N,PLACAM,2005,PLACAM,ND,Est,Kadey,Batouri,40367,Classee,2011,2011/1534/PM DU 17JUIN 2011,39088,Abandonnée,NA,NA, , , , , , , ,Attribué,114711.226801, , , , , ,bd2e3d88-b019-43b8-8c9f-759b217d394e,{CCD3C062-7A92-4B80-905E-3AE03C950C03},114986.398043416,406508292.109331
18,041000701,Fx,10-002,1025,23005.6399312,RA-Cert,0,0,0,1500,V,CFC,2010,CFC,VICWOOD,Est,Boumba et Ngoko,Yokadouma,22724,Classee,2005,2005/0241/PM du 26 Jan 2005,22784,Plan Aménagement Approuvé,2004,0220/N/MINEF/SG/DF/SDIAF/SA, , , ,VLC, , ,25/04/2013,Attribué,102624.248298, , , , , ,de5d3914-9de0-446e-96ca-ff038a24e699,{0A58C62D-F28B-4017-A432-17DC221B3AF8},102665.121485102,229827728.88321
19,041000701,Fx,10-001,1025,70443.0076184,RA-Cert,2126,11675,3892,1500,V,CFC,2010,CFC,VICWOOD,Est,Boumba et Ngoko,Yokadouma,63728,Classee,2005,2005/0239/PM du 26 Jan 2005,69018,Plan Aménagement Approuvé,2004,0220/N/MINEF/SG/DF/SDIAF/SA, , , ,VLC, , ,25/04/2013,Attribué,130153.701421, , , , , ,e4e62d9e-8aa1-42a9-928b-5ef702363b89,{1E57F7B7-1447-4109-BFBE-177AF678BBD9},130053.010138873,703645401.359927
20,041000701,Fx,10-004,1025,53255.8249342,RA-Cert,0,0,0,1500,V,CFC,2010,CFC,VICWOOD,Est,Boumba et Ngoko,Yokadouma,44651,Classee,2005,2005/0242/PM du 26 Jan 2005,52473,Plan Aménagement Approuvé,2004,0220/N/MINEF/SG/DF/SDIAF/SA, , , ,VLC, , ,25/04/2013,Attribué,106068.57789, , , , , ,5c977648-487b-466e-9f04-3cde77d6692e,{B31EABA5-51BE-451E-B90D-CC16EFBF662B},106007.691160982,531441586.606162
21,041000701,Fx,10-003,1025,49470.0738321,RA-Cert,89641,62152,93220,1500,V,CFC,2010,CFC,VICWOOD,Est,Boumba et Ngoko,Yokadouma,67217,Classee,2005,2005/0240/PM du 26 Jan 2005,48830,Plan Aménagement Approuvé,2004,0220/N/MINEF/SG/DF/SDIAF/SA, , , ,VLC, , ,25/04/2013,Attribué,111848.291816, , , , , ,8a0d3f0b-0fdb-49d1-9e00-33e71deccdca,{6B9D039B-66F6-4366-9C80-B1342B5D0EDF},111751.499623788,493891684.977046
22,041000701,Fx,10-007,1010,123930.703093,RA-Cert,12688,0,28637,1500,V,SEBC,1997,SEBC,VICWOOD,Est,Boumba et Ngoko,Salapoumbe,113507,Classee,2005,2005/0244/PM du 26 Jan 2005,"12229,4",Plan Aménagement Approuvé,2004,0219/N/MINEF/SG/DF/SDIAF/SA, , , ,VLC, , ,25/04/2013,Attribué,235041.119235, , , , , ,d34b80e3-9ad8-42e4-862c-7fb4f6637002,{52642765-E6A2-4381-ACB1-401F88EC502D},234826.087764802,1235531395.94245
23,041000701,Fx,10-008,1052,74026.1799944,Bureau Veritas,31402,28711,25054,1150,V,SEFAC,2010,SEFAC,SEFAC,Est,Boumba et Ngoko,Yokadouma,60053,Classee,2005,2005/0245/PM du 26 Jan 2005,72727,Plan Aménagement Approuvé,2005,ND, , , ,OLB, , ,30/06/2010,Attribué,150748.585737, , , , , ,aea61e62-81fd-4fc8-b285-477c0e900829,{D385C2F3-E58F-411D-ADAD-D5CCC5FB20B6},150430.935012525,737331871.235768
24,041000701,Fx,10-009,1022,92978.3068785,Bureau Veritas,30979,45501,34416,1500,V,SEBAC,2010,SEBAC,SEFAC,Est,Boumba et Ngoko,Salapoumbe,88796,Classee,2005,2005/0246/PM du 26 Jan 2005,92287,Plan Aménagement Approuvé,2004,1096/N/MINEF/SG/DF/SDIAF/SA, , , ,OLB, , ,23/07/2010,Attribué,163685.929724, , , , , ,90347ad2-d0de-48cd-81a1-4f34bee5ccae,{909B80BE-8FC5-448F-8D61-DF70E1867BAA},163208.317036983,925631159.281336
25,041000702,Fx,08-005,1077,35792.7716009, ,6066,13281,0,0,N,NA,NA,NA,NA,Centre,Mbam et Kim,Deuk/Ngambe-Tikar/Ngoro,56900,Classee,2005,2005/0604/PM du 1 Mars 2005,36340,Non attribuée,2008,2896/L/MINFOF/SG/DF/SDIAF,0214/C/MINFOF/SG/DF/SDAFF/SAG DU 28 Août 2012, , , , , , ,Non attribuée,111775.047613, , , , , ,f250f91b-a050-4896-bc16-e959886ab43a,{AAD50FE6-4C98-4C1F-B981-E26194177948},112638.978945574,363140857.690454
26,041000701,Fx,08-009,1031,48814.0431797, ,0,0,0,0,N,NA,NA,NA,NA,Centre,Mbam et Kim,Yoko,65472,Classee,2005,2005/0606/PM du I Mars 2005,49640,Abandonnée,2004,017/N/MINFOF/SG/DF/SDIAF/SA, , , , , , , ,Abandonné,95846.5572308, , , , , ,dea7cc05-3364-4062-ad37-08f763f28dc0,{D467B0F6-3AAE-44A2-9B33-E058523E05AC},96545.848397672,494549467.354685
27,041000701,Fx,00-004,1029,94920.675347, ,20415,43059,32657,2650,V,TRC,2004,TRC,TRC,Littoral/Centre,Nkam/Mbam et Inoubou,"Ndikinimeki, Mkekene, Yingui, Yabassi, Konjock",125490,Classee,2011,2011/2375/PM DU 12 AOUT 2011,94917,Plan Aménagement Approuvé,2005,ND,Décret classement N°2006/0766/PM remplacé par 2011/2375/PM DU 12 AOUT 2011, , , , , , ,Attribué,175577.309399, , , , , ,16ed023b-aa58-4fa3-8f95-020decdf8475,{A3A6D98E-EDE1-4680-A47C-991A08CF0119},176689.90999594,962026457.916952
28,041000701,Fx,07-002,1027,91489.2483363, ,0,0,0,1000,V,EDEATECH,2009,EDEATECH,NA,Littoral,Sanaga Maritime,Edea,100000,Classee,ND,ND,100000,Sans plan d'aménagement,NA,NA,"Attribuée à CPPC en 1996, transferé à EDEATECH en 2009", , , , , , ,Attribué,164890.095455, , , , , ,85d8b273-db25-4e7a-8c09-87f6f35bde3c,{700BE864-4616-4922-9C49-09198CCB3ED1},165887.424120381,925881712.523993
29,041000701,Fx,10-010,1053,67888.0153706,Bureau Veritas,22814,47924,46074,1150,V,SEFAC,2010,SEFAC,SEFAC,Est,Boumba et Ngoko,Salapoumbe,61760,Classee,2005,2005/0247/PM du 26 Jan 2005,66688,Plan Aménagement Approuvé,2006,ND, , , ,OLB, , ,30/06/2010,Attribué,168820.500796, , , , , ,caded8a6-cd44-44ca-aac7-841d3ee8d1cb,{985253F3-E207-4F9C-B278-1D213879B3DC},168418.964870178,675823367.496273
30,041000701,Fx,10-011,1013,49016.1171239,RA-Cert,0,9564,7068,1500,V,SAB,1997,SAB,VICWOOD,Est,Boumba et Ngoko,Salapoumbe,62597,Classee,2005,2005/0248/PM du 26 Jan 2005,48554,Plan Aménagement Approuvé,2004,0223/N/MINEF/SG/DF/SDIAF/SA, , , ,VLC, , ,25/04/2013,Attribué,129645.051044, , , , , ,bb8e3276-3c1f-42ef-9fbc-ced8fa59a8c1,{6F1208A0-B91B-4F55-9E95-CA178C9205F8},129383.178088244,488313353.99308
31,041000701,Fx,10-012,1016,59820.4016595,Bureau Veritas,26360,13140,20790,1500,V,SEFAC,2010,SEFAC,SEFAC,Est,Boumba et Ngoko,Salapoumbe,60838,Classee,2005,2005/0249/PM du 26 Jan 2005,59340,Plan Aménagement Approuvé,2004,1097/N/MINEF/SG/DF/SDIAF/SA, , , ,OLB, , ,30/06/2010,Attribué,157893.719676, , , , , ,beda3a6a-4107-4390-ab16-94055d37e1a5,{D4867D2B-1CF2-432A-9B18-B66F5AF5C68A},157420.729957505,595210052.158308
32,041000701,Fx,10-013,1065,51386.4009166,Bureau Veritas,13314,23260,13624,1600,V,Habitat 2000,2009,ALPICAM,ALPI,Est,Boumba et Ngoko,Moloundou,50752,Classee,2005,2005/0250/PM du 26 Jan 2005,50752,Plan Aménagement Approuvé,2010,1609/L/MINFOF/SG/DF/SDIAF, , , ,OLB, , ,14/05/2009,Attribué,120853.969522, , , , , ,bb045af4-6895-4141-9d48-909f067d8342,{D7BD0FE2-0D97-47FC-AB8B-5FEA79C9FB86},120706.903441453,511893614.590417
33,041000701,Fx,10-063,1048,69479.0721571,Bureau Veritas,30834,35864,46448,1750,V,ALPICAM,2010,ALPICAM,ALPI,Est,Boumba et Ngoko,Moloundou,53160,Classee,2005,2005/0259/PM du 26 Jan 2005,68916,Plan Aménagement Approuvé,2004,2391/L/MINEF/SG/DF/SDIAF/SI, , , ,OLB, , ,14/05/2009,Attribué,151117.937762, , , , , ,b71df3f8-e097-4821-9627-b14ab42ecef9,{17462C72-DC0B-420F-8E39-4494758B3E51},150755.63348999,691497110.202073
34,041000701,Fx,10-064,1060,117159.273842,Bureau Veritas,48913,59294,29112,1150,V,FILIERE BOIS,2001,SEFAC,SEFAC,Est,Boumba et Ngoko,Moloundou,75000,Classee,2005,2005/0260/PM du 26 Jan 2005,115900,Plan Aménagement Approuvé,2004,ND, , , ,OLB, , ,30/06/2010,Attribué,167802.629989, , , , , ,372b4743-4a77-44f9-9d3b-ac4c3219789a,{219DF4E0-7956-4D38-A4F5-0B0D740CCDC9},167314.417295415,1164546638.02615
35,041000702,Fx,10-040,1074,80362.3534185, ,9175,8103,29041,2100,V,TTS,2005,TTS,TTS,Est,Haut Nyong,Aong Mbang/Lomie,79579,EnCours,NA,NA,NA,Plan Aménagement Approuvé,2010,ND, , , , , , , ,Attribué,159127.646517, , , , , ,ef5106e7-cc2c-4a84-ba6e-4d5960fb9803,{2C1B0D95-9AF1-42C3-B8CF-88C9438803CC},159396.097503918,806779276.897087
36,041000702,Fx,10-035,1102,101116.82516, ,0,0,0,5333,V,IBC,2012,ND,ND,Est,Haut Nyong, ,41965,NA,NA,NA,NA,Sans plan d'aménagement,NA,NA,0214/C/MINFOF/SG/DF/SDAFF/SAG DU 28 Août 2012, , , , , , ,Attribué,151913.58782, , , , , ,5d2a89b9-e3f5-4a6b-a146-73980d5f8ec8,{44ABD7C0-DD25-457F-AC23-23B9196E23B7},152113.615291587,1014043977.51891
37,041000702,Fx,09-002,1096,75375.322229, ,0,0,0,0,N,NA,NA,NA,NA,Sud,Dja et Lobo, ,76840,NA,NA,NA,NA,En conservation,NA,NA,0214/C/MINFOF/SG/DF/SDAFF/SAG DU 28 Août 2012, , , , , , ,En conservation,152388.554608, , , , , ,f4e015ce-2d14-4f9e-93c0-0de0dd450203,{55F10263-B7C4-4E45-AF23-17663E9E04E4},152753.28495516,756482175.360079
38,041000702,Fx,10-032,1099,98768.1832438, ,0,0,0,2650,V,SCABOIS,2012,ND,ND,Est,Haut Nyong, ,97242,NA,NA,NA,NA,Sans plan d'aménagement,NA,NA,0214/C/MINFOF/SG/DF/SDAFF/SAG DU 28 Août 2012, , , , , , ,Attribué,272938.961279, , , , , ,db4a74a4-cd2e-49c5-b6e8-d4bcd8027d0e,{1D0744A7-63F3-4CA3-9FD1-6AC4CD70ABDF},273227.031087838,989055940.7248
39,041000702,Fx,09-001,1095,206106.6423, ,0,0,0,0,N,NA,NA,NA,NA,Sud,Dja et Lobo, ,180606,NA,NA,NA,NA,En conservation,NA,NA,0214/C/MINFOF/SG/DF/SDAFF/SAG DU 28 Août 2012, , , , , , ,En conservation,294073.609876, , , , , ,9133e467-2449-475b-adb2-35af63ba8b91,{E4AAC5E8-3546-4430-A39B-61BBA5661A04},294722.385879955,2067842099.239
40,041000702,Fx,10-034,1101,164976.355886, ,0,0,0,0,N,NA,NA,NA,NA,Est,Haut Nyong, ,163952,NA,NA,NA,NA,En conservation,NA,NA,0214/C/MINFOF/SG/DF/SDAFF/SAG DU 28 Août 2012, , , , , , ,En conservation,220250.529083, , , , , ,54e8d030-ff8c-4fd7-9865-0aa35f6014cf,{C4EDB2A1-8A90-401B-8AEA-FBB819D2381D},220670.390970285,1653372374.24487
41,041000701,Fx,09-005a,1032,10330.4825545,SGS,0,0,0,1100,V,LOREMA,2000,SFID,ROUGIER,Sud,Dja et Lobo,Djoum,85812,Classee,2004,2000/0738/PM,138653,Plan Aménagement Approuvé,2008,2900/L/MINFOF/SG/DF/SDIAF, , , ,TLTV, , ,22/02/2007,Attribué,54151.5632386, , , , , ,47096813-3094-49d3-8667-cf823eb9a692,{636BEEE5-14C5-47E7-B90A-6384BFE29851},54256.2196438093,103746051.900858
42,041000702,Fx,10-033,1100,48321.0059099, ,0,0,0,3050,V,GRACOVIR,2012,ND,ND,Est,Haut Nyong, ,48754,NA,NA,NA,NA,Sans plan d'aménagement,NA,NA,0214/C/MINFOF/SG/DF/SDAFF/SAG DU 28 Août 2012, , , , , , ,Attribué,113364.301057, , , , , ,bd6258fa-2e43-4099-8075-2ac8662b4665,{96F5EEB6-CDE8-419D-9C0E-FCDE739DF190},113502.645251106,483843601.452423
43,041000702,Fx,10-053,1072,82742.948143,Bureau Veritas,54662,51951,36814,5375,V,GRUMCAM,2010,GRUMCAM,ALPI,Est,Kadey,Abong Mbang/Mbang,82308,Classee,2010,2010/0554/PM du 31 Mars 2010,82308,Plan Aménagement Approuvé,2008,2897/L/MINFOF/SG/DF/SDIAF, , , ,OLB, , ,14/05/2009,Attribué,147083.992589, , , , , ,344bce18-a94c-4a0e-9a3b-72f1ffc50fe2,{DCA242A4-D15A-41A0-8B15-D990BF48CFDB},147305.541612421,830051886.355825
44,041000701,Fx,10-056,1066,73689.2087373,SGS,65194,18444,135824,2530,V,SFID,2002,SFID,ROUGIER,Est,Kadey,Mbang,72391,Classee,2011,2011/1536/PM DU 17JUIN 2011,72157,Plan Aménagement Approuvé,2008,2901/L/MINFOF/SG/DF/SDIAF, ,FSC,SW-CW,TLTV,25/03/2013,07/05/2009,22/02/2007,Attribué,165173.213855, , , , , ,4f0dea70-4eee-414d-b0e9-5ef7ca23e3aa,{A2A7C100-AADD-4D3F-8B8F-7CF590DB5806},165425.658702933,739996002.252203
45,041000701,Fx,10-031,1041,40448.0947571,Bureau Veritas,18226,37041,34283,4050,V,PALLISCO, ,PALLISCO,PASQUET,Est,Haut Nyong,Lomie,86788,Classee,2005,2005/0527/PM,88148,Plan Aménagement Approuvé,2004,2390/L/MINEF/SG/DF/SDIAF/SI, ,FSC, ,OLB,09/10/2008, ,05/01/2011,Attribué,134462.063006, , , , , ,267cece9-a5e7-4e7e-9e2d-30246b1899a1,{0504CE48-08B5-49E8-BB2B-F1B452979B6C},134528.570449485,405413107.419363
46,041000701,Fx,10-030,1054,76841.5755091,Bureau Veritas,40696,47270,82242,8150,V,PALLISCO,2001,PALLISCO,PASQUET,Est,Haut Nyong,Messok,79757,EnCours,NA,NA,NA,Plan Aménagement Approuvé,2004,2387/L/MINEF/SG/DF/SDIAF/SI, ,FSC, ,OLB,09/10/2008, ,05/01/2011,Attribué,186179.191078, , , , , ,fc8e311e-a3d3-4d88-a48c-7b62e4bf9646,{493D7CBE-F88B-4C7A-833A-3D404EC7B089},186378.217730505,770003933.909129
47,041000701,Fx,08-003,1020,44975.2592421, ,22109,8556,29200,1500,V,STJJY,2005,STJJY,NA,Centre,Mbam et Kim,Ngambe Tikar,53460,Classee,2005,2005/0602/PM du 1 Mars 2005,45210,Plan Aménagement Approuvé,2008,2899/L/MINFOF/SG/DF/SDIAF, , , , , , , ,Attribué,149423.75529, , , , , ,cfbe07db-7673-46a0-8888-ac829d799b93,{ED873B52-9DDE-4186-B802-6306CE275774},150600.168124358,460878159.450934
48,041000702,Fx,08-008,1030,78871.9854425, ,0,0,0,0,N,NA,NA,NA,NA,Centre,Mbam et Kim,Yoko,72000,Classee,2004,2004/2441/PM,72000,Non attribuée,2006,ND,0214/C/MINFOF/SG/DF/SDAFF/SAG DU 28 Août 2012, , , , , , ,Non attribuée,200931.517073, , , , , ,13e80085-1112-470f-9b4f-768b989d4758,{BAE153AF-4802-47E3-A614-B0CCE8209448},202095.823677448,799573180.144786
49,041000701,Fx,09-021,1006,42810.023707,Bureau Veritas,17008,277,0,1500,V,SCIEB,2013,SCIEB,WIJMA,Sud,Vallee du Ntem,Ma an,41965,Classee,2005,2005/0526/PM du I4 Fev 2005,41965,Plan Aménagement Approuvé,2011,2230/L/MINFOF/SG/DF/SDIAF,Nouveau plan d'amenagement,FSC,BV-CW,OLB,19/11/2010,19/11/2009,21/08/2009,Attribué,180307.588308, , , , , ,dbd52ebf-a45f-4ab2-9d2a-35a0d99b390e,{2D7A3D99-C1F7-4E75-B69C-396BB47B088A},181053.411388284,431804400.817746
50,041000701,Fx,09-024,1037,75217.3922021,Bureau Veritas,40707,4001,35726,4550,V,SCIEB,2013,SCIEB,WIJMA,Sud,Vallee du Ntem,Ma an,76002,EnCours,NA,NA,NA,Plan Aménagement Approuvé,2011,2230/L/MINFOF/SG/DF/SDIAF, , ,BV-CW,OLB, ,19/11/2009,21/08/2009,Attribué,254022.120953, , , , , ,2e75db78-ad65-451f-a8d5-d5c06d4f1709,{F73356F5-500A-48EA-A0D9-7AF02A020A3C},254904.128075395,758593436.46564
51,041000701,Fx,00-003,1028,162267.818918,RA-CERT,8375,25457,27810,2000,V,MMG,2000,MMG,WIJMA,Littoral/Centre/Sud,"Sanaga Maritime, Nyong et Kelle, Océan","Messondo, Bipindi, Edéa",125568,Classee,1997,97/073/PM,125568,Plan Aménagement Approuvé,2004,1092/N/MINEF/SG/DF/SDIAF/SA, , , ,VLC, , ,21/12/2012,Attribué,492741.811162, , , , , ,74b4af4e-b9c8-405c-873e-3e0a19a19e8e,{790E3F9A-98B8-4382-B4C3-F71D24633363},495325.026172889,1639836333.80245
52,041000701,Fx,09-018,1050,32624.1728894, ,0,0,0,4150,V,FIPCAM,2010,FIPCAM,FIPCAM,Sud,Mvilla,Ebolowa,19245,Classee,2006,2006/2951/PM,19245,Plan Aménagement Approuvé,2013,0720/NL/MINFOF/SG/DF/SDIAF/SA/DAF,Nouveau plan d'amenagement, , , , , , ,Attribué,152607.655163, , , , , ,bd72fe97-dd6c-49f6-927c-86bce9bd1167,{BA5C7FD9-55F5-4F21-B765-96C9134628C9},153020.252284596,328839292.145046
53,041000702,Fx,09-020,1069,36604.1311073,Bureau Veritas,35039,12552,0,2000,V,CUF,2005,CUF,WIJMA,Sud,Mvilla,Ebolowa/Ambam/Ma'an,44866,EnCours,NA,NA,NA,Plan Aménagement Approuvé,2008,2083/L/MINFOF/SG/DF/SDIAF,Nouveau plan d'amenagement, , ,OLB, , ,22/07/2010,Attribué,103177.345389, , , , , ,a8ebc478-3b77-45e7-9e9e-911bce905bc7,{3D7CC46B-1296-4261-9244-7E8EAC008BB8},103660.598527056,369216332.846555
54,041000701,Fx,09-015,1035,41870.2348706, ,7160,3235,8661,1500,V,SN COCAM,2000,SN COCAM,KHOURY,Sud,Dja et Lobo/Mvilla,"Mvangane, Sangmelima, Meyomessala",41559,Classee,2004,2004/2445/PM,64961,Sans plan d'aménagement,NA,NA, , , , , , , ,Attribué,111896.181562, , , , , ,244e995e-1d24-4fdb-b7c9-17dd1ca451ec,{AF416F62-6585-42A9-A3D9-92B4A02F6ACA},112167.46014932,421649982.093047
55,041000701,Fx,09-017,1050,66787.8312804, ,25335,18841,0,4150,V,FIPCAM,2010,FIPCAM,FIPCAM,Sud,Mvilla,Ebolowa,99501,Classee,2006,2006/2950/PM,54352,Plan Aménagement Approuvé,2013,0720/NL/MINFOF/SG/DF/SDIAF/SA/DAFL,Nouveau plan d'amenagement, , , , , , ,Attribué,131911.292647, , , , , ,d61d62b7-0c83-427a-bfa9-f113e20a9774,{1D877A0C-BAA5-449B-9A22-9F3DF58D2EF9},132350.212116081,672963522.770225
56,041000701,Fx,09-016,1064,64765.0508612, ,25446,20546,0,3300,V,COFA,2002,LEFANG,NA,Sud,"Dja et Lobo,Mvilla","Mvangane, Mintom",66007,EnCours,NA,NA,NA,Plan Aménagement Approuvé,2007,ND, , , , , , , ,Attribué,163858.231314, , , , , ,7d6fd00c-9d11-4fb7-88d6-03437abfac41,{3514169B-74B8-43DF-94CC-DD91AF0E8393},164331.280683196,651985628.407924
57,041000701,Fx,09-019,1036,36529.0506529,Bureau Veritas,12742,23366,18077,2500,V,CUF,2000,CUF,WIJMA,Sud,Vallee du Ntem/Mvilla,Ebolowa,38241,EnCours,NA,NA,NA,Plan Aménagement Approuvé,2004,0015/N/MINFOF/SG/DF/SDIAF/SA, , , ,OLB, , ,22/07/2010,Attribué,141701.188537, , , , , ,473b4bff-7f6d-40ea-b455-bdbafabdcdc3,{B5BD66AD-2D3C-43D4-9D77-0ADEEAB56C5D},142129.041438983,368061280.045247
58,041000702,Fx,09-008,1073,36273.229956,SGS,21356,0,10117,2100,V,MPACKO,2005,SFID,ROUGIER,Sud,Dja et Lobo,Djoum,38278,Classee,2004,2004/2444/PM,48960,Sans plan d'aménagement,NA,NA, , , ,TLTV, , ,22/02/2007,Attribué,102498.935424, , , , , ,571ba4d3-8c9d-4d26-86db-cdf8dd753b98,{820F0BC6-C5FB-4422-9960-394778F16A9F},102843.881169831,364921831.398502
59,041000702,Fx,09-007,1073,44665.3403878,SGS,0,0,0,2100,V,MPACKO,2005,SFID,ROUGIER,Sud,Dja et Lobo,Djoum,41144,NA,NA,NA,NA,Sans plan d'aménagement,NA,NA, , , ,TLTV, , ,22/02/2007,Attribué,109470.065142, , , , , ,22fe2175-2d18-497e-b919-e5b88e7be59e,{EADFFB21-BFE7-4551-8B15-8AAB452C79C2},109783.642773731,449120632.311212
60,041000701,Fx,09-006,1001,71007.1954159, ,14699,14869,0,1500,V,SFF,1997,SFID,ROUGIER,Sud,Dja et Lobo,Djoum,74092,EnCours,NA,NA,NA,Plan Aménagement Approuvé,2004,012/N/MINFOF/SG/DF/SDIAF/SA, , , , , , , ,Attribué,216932.302704, , , , , ,04e53571-e021-4e49-8137-455812bec9d5,{7140A057-3599-4EAB-B826-AA1BFA54B2E9},217418.08042771,713464135.213134
61,041000702,Fx,09-013,1063,51204.1038511, ,13024,7180,0,2255,N,SF BOJONGO,2013,NA,WIJMA,Sud,Mvilla,Sangmelima,50296,NA,NA,NA,NA,Sans plan d'aménagement,2008,2081/L/MINFOF/SG/DF/SDIAF, , , , , , , ,Abandonné,122642.262216, , , , , ,60c1d792-9fcd-40cd-ac3f-3ca1aaff741e,{E129D8AA-61A2-46CB-BB11-82BC00BE916D},123044.107295053,515357726.687312
62,041000702,Fx,09-011,1079,35035.3759901, ,13466,7521,4585,2500,V,SIBM,2006,SIBM,NA,Sud,Dja et Lobo, ,35891,EnCours,NA,NA,NA,Plan Aménagement Approuvé,2010,ND, , , , , , , ,Attribué,117135.828948, , , , , ,da23aae6-f3b6-4f95-b749-e342a55d46be,{7619B22B-216D-4D4E-A588-2C7E3547465D},117558.366466448,352485010.003615
63,041000701,Fx,09-005b,1034,43009.8562212,SGS,10102,0,0,1105,V,SOCIB,2000,SFID,ROUGIER,Sud,Dja et Lobo,Djoum,44698,Classee,2000,2000/0738/PM,ND,Plan Aménagement Approuvé,2008,2900/L/MINFOF/SG/DF/SDIAF, , , ,TLTV, , ,22/02/2007,Attribué,116921.695672, , , , , ,b41a8970-5aa2-44b7-a22d-b062c9cb3e24,{CF79C065-571B-4F96-AB5F-E0ACDC9B19F2},117105.996523259,432104860.748905
64,041000701,Fx,09-012,1062,84601.7023209,Bureau Veritas,0,2899,0,1100,V,CAMTRANS,1012,CAMTRANS,CUF,Sud,Dja et Lobo,Oveng,85701,EnCours,NA,NA,NA,Sans plan d'aménagement,NA,NA, , , ,OLB, , ,13/09/2012,Attribué,183747.032945, , , , , ,055c7d9e-c97f-4c19-bdc0-8d357cc8acaa,{357EFAA1-BF1B-4142-874B-D4919C09C6B6},184312.243862775,851000674.532968
65,041000701,Fx,09-004a,1032,20838.6911232,SGS,0,0,0,1100,V,LOREMA,2000,SFID,ROUGIER,Sud,Dja et Lobo,Djoum,82308,Classee,ND,ND,ND,Plan Aménagement Approuvé,2008,2900/L/MINFOF/SG/DF/SDIAF, , , ,TLTV, , ,22/02/2007,Attribué,70557.7280871, , , , , ,606b1ccd-2799-4cbe-960d-debf6550ce85,{9DE585CA-B3E1-4BF1-9A96-8D289E531EA8},70729.3886810353,209418646.60772
66,041000701,Fx,09-003,1032,110103.768011,SGS,1341,42277,44000,1100,V,LOREMA,2000,SFID,ROUGIER,Sud,Dja et Lobo,Djoum,68292,Classee,2000,2000/0738/PM,138632,Plan Aménagement Approuvé,2008,2900/L/MINFOF/SG/DF/SDIAF, , , ,TLTV, , ,22/02/2007,Attribué,222017.228211, , , , , ,8bd4399b-8296-42fa-b64e-a730d3ebaeb1,{3085BD1D-691B-4D0A-B379-ED79BD20A104},222519.759434994,1105632102.96447
67,041000701,Fx,08-001,1026,49296.648761, ,0,0,0,1500,V,SABM,2005,SABM,NA,Centre,Mbam et Kim,Yoko,50506,EnCours,NA,NA,NA,Plan Aménagement Approuvé,2005,0019/L/MINEF/SG/DF/SDIAF/SI, , , , , , , ,Attribué,129396.711562, , , , , ,15fbbb2b-c852-4c56-86a5-53ec040c47b3,{A50F01CB-B633-4734-8C83-27D96516EC03},130081.977288658,498247258.265115
68,041000701,Fx,10-061,1021,28127.1510025, ,26918,7323,18925,3100,V,PLACAM,2001,PLACAM,ND,Est,Lom et Djerem,Bertoua,56900,Classee,2004,2004/2442/PM du 08 Dec 2004,28387,Plan Aménagement Approuvé,2004,2386/L/MINEF/SG/DF/SDIAF/SI, , , , , , , ,Attribué,89617.6528607, , , , , ,70f1fe75-9587-4c55-bc96-fe0e0c9d965e,{D0B3FF87-96EA-4413-9F89-DADC5423218F},89917.819203132,283474284.864353
69,041000701,Fx,10-059,1046,45000.0306747, ,0,0,0,1050,V,SCTB,2001,SCTB,FOKOU,Est,Kadey, ,83400,Classee,2010,2010/0555/PM du 31 Mars 2010,44700,Plan Aménagement Approuvé,2004,2388/L/MINEF/SG/DF/SDIAF/SA, , , , , , , ,Attribué,153954.935402, , , , , ,d1ddc367-bd92-4c88-bb1e-97eefbe3ab07,{7505EF93-0F29-4102-BD8B-06BF183BA36E},154379.805166213,452539168.601062
70,041000701,Fx,10-046,1046,71023.9181962, ,34527,15447,18787,3100,V,SCTB,2000,SCTB,FOKOU,Est,Lom et Djerem,Abong Mbang,70283,EnCours,NA,NA,NA,Plan Aménagement Approuvé,2004,2388/L/MINEF/SG/DF/SDIAF/SI, , , , , , , ,Attribué,169963.598191, , , , , ,14e1481e-cda1-4bfe-b134-876f589a7e32,{DD3C2D42-C2B4-4A1B-AA40-11435A4E03DC},170410.572934275,714841839.270893
71,041000701,Fx,10-060,1046,54547.9089331, ,0,0,0,1050,V,SCTB,2001,SCTB,FOKOU,Est,Kadey, ,69920,Classee,2010,2010/0556/PM du 31 Mars 2010,54222,Plan Aménagement Approuvé,2004,2388/L/MINEF/SG/DF/SDIAF/SA, , , , , , , ,Attribué,106594.293061, , , , , ,edf601b6-6188-4910-9c9f-a733a413966b,{9F87DA53-1821-41E1-819D-FB3D24E15339},106953.624750993,548686154.433409
72,041000701,Fx,10-058,1009,55624.640018,SGS,14747,0,0,1500,V,KAKOUANDE,2013,SEBC,VICWOOD,Est,Kadey,Mbang,60823,Classee,2004,2004/2441/PM du 08 Dec 2004,57137,Plan Aménagement Approuvé,2004,0225/N/MINEF/SG/DF/SDIAF/SA, , , , , , , ,Attribué,134417.655258, , , , , ,cc631ace-d705-43cf-b1c1-1fe01d538ab7,{2CAAE04D-4A32-474B-9AEB-CD48FE748F84},134714.616630024,559128526.001893
73,041000701,Fx,10-057,1067,33836.2303816, ,20746,0,0,1050,V,DINO&FILS,2011,DINO&FILS, ,Est,Kadey,Mbang,32293,Classee,2010,2010/0553/PM du 31 Mars 2010,33559,Sans plan d'aménagement,NA,NA,Transferee en 2010, , , , , , ,Attribué,123017.484325, , , , , ,5a754745-e32c-4c33-b785-8a2673797eaa,{BEAA463A-E810-48DC-9DF4-137A835AF94A},123264.255543986,339951143.204158
74,041000701,Fx,10-051,1015,85897.1107193,Bureau Veritas,51231,39785,98330,1500,V,GRUMCAM,2010,GRUMCAM,ALPI,Est,Kadey,Ndelele,85812,Classee,2004,2004/2447/PM du 08 Dec 2004,86096,Plan Aménagement Approuvé,2004,2389/L/MINEF/SG/DF/SDIAF/SI, , , ,OLB, , ,14/05/2009,Attribué,133973.243901, , , , , ,168742d0-69d8-4945-a7fe-9e6aefde55d8,{2CD960F5-1288-4344-86E4-9806810FCA92},134145.551994131,860735748.872991
75,041000701,Fx,10-052,1058,72098.1726661,RA-Cert,25343,24691,0,5100,V,SFIL,2010,SFIL,DECOLVENAERE,Est,Boumba et Ngoko,Ndelele,69008,Classee,2010,2010/0557/PM du 31 Mars 2010,71410,Plan Aménagement Approuvé,2013,0719/NL/MINFOF/SG/DF/SDIAF/SA/DAFL,Nouveau Plan d'amenagement,FSC, , ,19/01/2010, , ,Attribué,159586.526918, , , , , ,8a775918-0410-4bc7-9677-108bdd1a4cd6,{606B49F6-0B1F-49D3-944B-1B8D411F42CD},159725.668013227,722821441.204935
76,041000701,Fx,10-045,1045,54352.5555458, ,0,14516,39670,3650,V,FIPCAM,2007,FIPCAM,FIPCAM,Est,Haut Nyong,Abong Mbang,54447,EnCours,NA,NA,NA,Plan Aménagement Approuvé,2004,2384/L/MINEF/SG/DF/SDIAF/SI, , , , , , , ,Attribué,121929.767237, , , , , ,4a7be8c5-ac35-4a18-8b83-65be504db1b8,{09127E5F-5813-46D4-9F4C-B79BD7BBFDC4},122148.32279198,546574189.450521
77,041000702,Fx,10-043,1071,51468.7740798, ,0,2640,7993,2100,N,PLACAM,2005,PLACAM,ND,Est,Kadey,Batouri,51874,EnCours,NA,NA,NA,Abandonnée,NA,NA, , , , , , , ,Abandonné,106342.636916, , , , , ,97ec56bf-3b23-43bc-b563-bdac9db5e169,{4FDE5187-0C11-4590-BABA-ABD60E1443C9},106572.690405485,517165976.431782
78,041000701,Fx,10-054,1012,67500.1068488,SGS,0,35323,75371,1500,V,SFID,2010,SFID,ROUGIER,Est,Haut Nyong/Kadey,Mbang,68292,Classee,2004,2004/2440/PM du 08 Dec 2004,67942,Plan Aménagement Approuvé,2005,0078/N/MINFOF/SG/DF/SDIAF/SA, ,FSC,SW-CW,TLTV,25/03/2013,07/05/2009,22/02/2007,Attribué,136232.789488, , , , , ,d93f235e-4e21-4336-94cb-2416cfdac8db,{8D4E908C-7709-44D4-86D1-F96F39852940},136518.241825824,677634456.166901
79,041000701,Fx,10-044,1056,65755.1648797,Bureau Veritas,0,0,0,4770,V,SODETRANCAM,2001,PALLISCO,PASQUET,Est,Haut Nyong,Mindourou,66861,EnCours,NA,NA,NA,Plan Aménagement Approuvé,2004,2376/L/MINEF/SG/DF/SDIAF/SA, ,FSC, ,OLB,09/10/2008, ,05/01/2011,Attribué,120654.710107, , , , , ,e3c86da7-8afe-4a89-baf5-5266f681a62e,{88F73D6A-310D-4F77-BCE1-7D6F7C741FC4},120956.996969156,661022002.287341
80,041000701,Fx,10-042,1055,45183.8435132,Bureau Veritas,0,0,0,4000,V,SODETRANCAM,2001,PALLISCO,PASQUET,Est,Haut Nyong,Mindourou,44249,EnCours,NA,NA,NA,Plan Aménagement Approuvé,2004,2376/L/MINEF/SG/DF/SDIAF/SA, ,FSC, ,OLB,09/10/2008, ,05/01/2011,Attribué,134899.398088, , , , , ,229e1abf-2609-45e9-9671-172608ebf116,{D7BF9DA1-B587-44BB-98DE-4331A0F5A66A},135275.555505094,453953682.374799
81,041000701,Fx,10-038,1043,148691.843478,SGS,59964,98696,48832,4100,V,CAMBOIS,2000,CAMBOIS,ROUGIER,Est,Haut Nyong/Kadey,Mbang,145585,Classee,2010,2010/0558/PM DU 31 MARS 2010,147463,Plan Aménagement Approuvé,2005,0018/N/MINFOF/SG/DF/SDIAF/SI, ,FSC, ,TLTV,25/03/2013, ,07/02/2007,Attribué,224126.776602, , , , , ,dea4d705-ba08-46d8-a6b3-20cd3cade668,{C59DB275-9718-4CCB-8CDC-CDE82C0DFD3B},224304.926018565,1491327969.8466
82,041000701,Fx,10-041,1019,65563.9280777,Bureau Veritas,57247,43146,58460,1500,V,SODENTRACAM,2011,PALLISCO,PASQUET,Est,Haut Nyong,Lomie,64961,Classee,2004,2004/2445/PM du 08 Dec 2004,64961,Plan Aménagement Approuvé,2004,2376/L/MINEF/SG/DF/SDIAF/SA, ,FSC, ,OLB,09/10/2008, ,05/01/2011,Attribué,143848.561976, , , , , ,0952b258-b032-461b-9124-5dead5db4f96,{1862B6D4-B489-423B-A17F-84D4D70FE0DA},144130.757878056,658325006.424919
83,041000701,Fx,10-039,1044,48041.9917382,Bureau Veritas,22781,10964,17164,3100,V,LFM,2013,ASSENE NKOU,PASQUET,Est,Haut Nyong,Lomie,47585,EnCours,NA,NA,NA,Plan Aménagement Approuvé,2004,1100/N/MINEF/SG/DF/SDIAF/SA, ,FSC, ,OLB,09/10/2008, ,05/01/2011,Attribué,118613.264297, , , , , ,f52c163d-8965-402c-bece-10254e8af7cd,{43E2B41A-27F0-4591-8187-88A89982A899},118785.618652059,482074389.623095
84,041000701,Fx,09-023,1005,58219.952347,Bureau Veritas,9911,8367,0,1500,V,CUF,2010,CUF,ND,Sud,Vallee du Ntem,Ma'an,56192,EnCours,NA,NA,NA,Plan Aménagement Approuvé,2004,1093/N/MINEF/SG/DF/SDIAF/SA, , , , , , , ,Attribué,217940.15668, , , , , ,bfa76cd4-c77f-4375-8da4-4c6084497ec0,{C645D6CF-9B32-4485-9CF8-EA3ECB8C4BAD},218604.570176419,586941519.294395
85,041000702,Fx,10-036,1103,61951.9291868, ,0,0,0,4100,V,SIM,2012,ND,ND,Est,Haut Nyong, ,65055,NA,NA,NA,NA,Sans plan d'aménagement,NA,NA,0214/C/MINFOF/SG/DF/SDAFF/SAG DU 28 Août 2012, , , , , , ,Attribué,227427.107249, , , , , ,9ce9c40f-9bff-45b1-b495-8714f37cfaec,{A9747339-9A9A-44D2-B382-C7335F22167A},227749.705199836,621870101.688785
86,041000701,Fx,11-001,1086,55384.5080957, ,19029,38048,33259,1500,V,TRC,2010,TRC,REEF,Sud Ouest,Manyu, ,80882,Classee,2004,80/363/PM du 08 Dec 2004,55580,Plan Aménagement Approuvé,2008,2082/L/MINFOF/SG/DF/SDIAF, , , , , , , ,Attribué,198037.886669, , , , , ,4f23ddb2-8c75-4cd7-8242-c7ba091708c4,{15F876D2-9C46-4653-BCAD-F0FA42BE7A70},199677.70763949,563172420.953562
87,041000701,Fx,08-006,1002,50069.8176052, ,0,0,0,1500,V,SFB,1997,SFB,NA,Centre,Mbam et Kim,Yoko,69920,Classee,2005,2005/0605/PM du 1 Mars 2005,51450,Plan Aménagement Approuvé,2004,0222/N/MINEF/SG/DF/SDIAF/SA, , , , , , , ,Attribué,135768.46809, , , , , ,3d5da46d-9102-49d7-b41d-52ef003a08de,{3A214ACB-1115-45D2-B65F-200A0199A68F},136750.90669031,507034242.688796
88,041000701,Fx,08-002,1026,60626.8681638, ,10387,19959,16028,1500,V,SABM,2005,SABM,NA,Centre,Mbam et Kim,Yoko,59910,Classee,2005,2005/0601/PM du 1 Mars 2005,59910,Plan Aménagement Approuvé,2005,0019/L/MINEF/SG/DF/SDIAF/SI, , , , , , , ,Attribué,117798.998455, , , , , ,bdca53f8-2e18-42a9-bdf4-279da71e6b14,{B5DC9EA4-747D-4619-9AA3-D25C18809703},118392.71182647,613674603.441107
89,041000701,Fx,10-062,1047,146231.725935,Bureau Veritas,62910,57540,33777,1110,V,PM SARL,2011,PM,P. MARELIS,Est,Lom et Djerem,Belabo,126160,Classee,2004,2004/2443/PM du 08 Dec 2004,149079,Plan Aménagement Approuvé,2005,0001/N/MINFOF/SG/DF/SDIAF/SI, , , ,OLB, , ,08/06/2009,Attribué,212232.012327, , , , , ,fe2ab159-0d1b-4371-892a-890e8c1a0ebd,{19729062-1CF4-4624-877F-46D0A5C72D4D},213321.694069659,1478662098.52121
90,041000702,Fx,00-001,1075,59270.9213581, ,52967,0,0,2100,N,SEPFCO,2005,Boitex,Boitex,Centre/Sud,"Nyong et Kelle, Océan",Eseka/Makak/Lolodorf,57926,EnCours,NA,NA,57926,Plan Aménagement Approuvé,2008,2079/L/MINFOF/SG/DF/SDIAF, , , , , , , ,Attribué,223179.214326, , , , , ,af85a129-8b6c-48fc-b4ae-a3a146dc6d35,{A732FA21-9223-45CD-99A4-6F06D6099C07},224330.763564528,598723985.369007
91,041000702,Fx,00-002,1075,15335.5999348, ,0,34159,0,2100,N,SEPFCO,2005,Boitex,Boitex,Centre/Sud, ,Mvengue/Bipindi/Messondo,15410,EnCours,NA,NA,15410,Plan Aménagement Approuvé,2008,2079/L/MINFOF/SG/DF/SDIAF, , , , , , , ,Attribué,74440.9589924, , , , , ,2695abc7-5f8e-45c1-b0bc-0aebd984aaaf,{848D8115-AE9D-4E7D-AE13-35FF853788AB},74810.1698732767,154943372.095256
92,041000702,Fx,09-022,1078,79885.9421628,Bureau Veritas,12762,30950,16269,3000,V,CFK,2013,CFK,WIJMA,Sud,Vallee du Ntem,Ambam/Ma'an,78461,EnCours,NA,NA,NA,Plan Aménagement Approuvé,2008,ND, ,FSC, ,OLB,14/06/2012, ,21/08/2009,Attribué,187326.073978, , , , , ,f5c6c3f8-14e7-41ab-876c-7678d253c724,{E3E944E6-6304-43A0-BAB3-55DD7950CC14},187907.954629266,805411258.406084
93,041000701,Fx,10-005a,1051,52986.1761962, ,27175,50938,83059,7155,V,STBK,2001,STBK,ALPI,Est,Boumba et Ngoko,Yokadouma,52245,Classee,2005,2005/0243/PM du 26 Jan 2005,52245,Plan Aménagement Approuvé,2004,1095/N/MINEF/SG/DF/SDIAF/SA, , , , , , , ,Attribué,120913.190343, , , , , ,522a5a87-42bd-4e3e-ac8b-86b9e16076e6,{E4DC59A0-1C9E-4864-B3AF-528303A5C945},120797.132557144,528548081.961871
94,041000701,Fx,10-005b,1088,37908.4239733, ,0,0,21794,1275,V,STBK,2006,STBK,ALPI,Est,Boumba et Ngoko, ,37077,Classee,2005,2005/0243/PM du 26 Jan 2005,37077,Plan Aménagement Approuvé,2004,1095/N/MINEF/SG/DF/SDIAF/SA, , , , , , , ,Attribué,119027.253187, , , , , ,b1e1c917-2896-40df-b6c2-51e354e6448c,{21D1D69A-0E5B-4CE4-A6E5-EBD67E7CBC9D},118881.886264717,378229452.334274
95,041000701,Fx,10-018,1003,81775.4022708, ,39409,43055,29458,1500,V,STBK,1997,STBK,ALPI,Est,Boumba et Ngoko,Yokadouma,65832,Classee,2005,2005/0252/PM du 26 Jan 2005,81397,Plan Aménagement Approuvé,2004,1098/N/MINEF/SG/DF/SDIAF/SA, , , , , , , ,Attribué,229077.061677, , , , , ,de720ccf-8d9f-40f3-a1d0-1d1407ab7c22,{6AAC94F5-5677-4169-837E-50C6A89EF385},229059.184527268,817411618.360022
96,041000701,Fx,10-047a,1057,46844.483735, ,22159,89,31884,6650,N,NA,NA,NA,NA,Est,Haut Nyong,Mindourou,47080,Classee,2004,2004/2444/PM du 08 Dec 2004,47080,Non attribuée,2008,2898/L/MINFOF/SG/DF/SDIAF,0214/C/MINFOF/SG/DF/SDAFF/SAG DU 28 Août 2012, , , , , , ,Non attribuée,127304.891406, , , , , ,2d045f38-f039-478f-bbca-83e10ac1fffc,{57D1E6C0-03CC-43AB-8D1E-2741CAF42BF6},127717.936905974,471243819.786611
97,041000701,Fx,10-047b,1083,47169.5370261, ,0,0,0,3850,V,PALLISCO,2012,PALLISCO,PASQUET,Est,Haut Nyong, ,48960,Classee,2004,2004/2444/PM du 08 Dec 2004,48960,Sans plan d'aménagement,NA,NA,0214/C/MINFOF/SG/DF/SDAFF/SAG DU 28 Août 2012, , , , , , ,Attribué,136876.27612, , , , , ,3595c30b-5943-4cae-86af-5912e19c4746,{3C0F1F5D-C3D3-4FCA-924E-FCFD31B65188},137239.323302524,474377779.14528
98,041000702,Fx,10-049,1085,34175.1207669, ,0,0,0,1620,V,PMF WOOD,2006,PMF Wood,NA,Est,Haut Nyong, ,32675,EnCours,NA,NA,NA,Sans plan d'aménagement,NA,NA, , , , , , , ,Attribué,180626.479199, , , , , ,834f1264-621b-46c8-b99d-caeabcc1c079,{0A0DA4C0-4950-4892-89D5-AB1A072D2748},181308.191480033,344386185.770272
100,041000702,Fx,10-050,1085,37343.3977552, ,0,0,0,1620,V,PMF WOOD,2006,PMF Wood,NA,Est,Haut Nyong, ,38013,Classee,2000,2000/738/PM,ND,Sans plan d'aménagement,NA,NA, , , , , , , ,Attribué,211699.121175, , , , , ,bf3ef7c7-f7f3-48fa-835b-43b86e2dbe0e,{0B9A904D-3463-4B83-836A-02C5DB590F3B},212450.44744341,376149804.606531
101,041000701,Fx,11-005,1087,80370.4532426,Bureau Veritas,5211,39309,39746,3050,V,CAFECO,2006,CAFECO,WIJMA,Sud Ouest,Manyu, ,80800,EnCours,NA,NA,NA,Plan Aménagement Approuvé,2009,ND, ,FSC, ,OLB,10/03/2010, ,21/08/2009,Attribué,398218.201237, , , , , ,d777a228-e564-4968-9845-35ef9689d0a9,{20D2EEB9-477E-483E-ACF0-3DD364907E7B},401728.121073217,817804487.009201
102,041000702,Fx,07-003,1091,29190.1553951, ,0,0,0,1375,V,ENJC,2012,ENJC,NA,Littoral,Nkam et Mungo, ,28410,NA,NA,NA,NA,Sans plan d'aménagement,NA,NA,0214/C/MINFOF/SG/DF/SDAFF/SAG DU 28 Août 2012, , , , , , ,Attribué,123850.215993, , , , , ,08d79396-08d6-4443-bc39-7233374a8986,{E810D3EB-7CEB-4781-85AC-0CADEDB5D8BD},124737.121703068,295940077.766554
103,041000702,Fx,11-006,1092,28115.5075062, ,0,0,0,6100,V,SEFECAM,2012,Boitex,NA,Sud Ouest,Manyu, ,64104,NA,NA,NA,NA,Sans plan d'aménagement,NA,NA,0214/C/MINFOF/SG/DF/SDAFF/SAG DU 28 Août 2012, , , , , , ,Attribué,113982.38721, , , , , ,195b52b4-a549-4200-ac53-ef98d8ce210e,{4060A2B8-83D1-4FE9-8018-EC091BDD3ED9},114942.462227508,285895528.506784
104,041000702,Fx,11-007,1093,36269.8092737, ,0,0,0,0,N,NA,NA,NA,NA,Sud Ouest,Kupe Manenguba, ,36269,NA,NA,NA,NA,Non attribuée,NA,NA,0214/C/MINFOF/SG/DF/SDAFF/SAG DU 28 Août 2012, , , , , , ,Non attribuée,167437.354883, , , , , ,e6104c3d-033d-4d3b-8917-52822323b6b1,{3CAAE73D-975A-413B-BD90-3D9FB354703A},168815.75899418,368338302.152372
105,041000702,Fx,11-008,1094,27363.3580204, ,0,0,0,1400,V,SEPFCO,2012,Boitex,NA,Sud Ouest,Ndian et Meme, ,27364,NA,NA,NA,NA,Sans plan d'aménagement,NA,NA,0214/C/MINFOF/SG/DF/SDAFF/SAG DU 28 Août 2012, , , , , , ,Attribué,149495.735534, , , , , ,958237f4-e891-45c9-9549-b16fe5a90bef,{06CE4AF4-C588-4A3F-9034-6623988D50A7},150541.037351643,277354442.134241
106,041000701,Fx,11-002,1068,54466.1847639, ,14142,0,0,4500,V,SEFECAM,2012,Boitex,NA,Sud Ouest,Manyu,Upper Bayang,72705,Classee,2006,2006/0766/PM du 9 Juin 2006,54807,Plan Aménagement Approuvé,2009,ND,0214/C/MINFOF/SG/DF/SDAFF/SAG DU 28 Août 2012, , , , , , ,Attribué,218698.054217, , , , , ,52bb066d-d049-4abb-a78c-e5f9d936015a,{49812E10-5DA0-4CE5-A1C2-28E7E39AD2EF},220316.017700674,553989368.150276
107,041000701,Fx,08-007,1049,34298.423355, ,0,11260,0,1500,V,CANABOIS,2006,CANABOIS,NA,Centre,Nanga Eboko,Bibey,33863,EnCours,NA,NA,NA,Plan Aménagement Approuvé,2005,078/N/MINFOF/SG/DF/SDIAF/SA, , , , , , , ,Attribué,84444.8812338, , , , , ,6550e9e5-6dbc-431b-b813-69c0a9832e0b,{DDBC1743-BBB9-4C49-85A0-E00DC1F7BF4B},84904.6317660044,346949871.784457
108,041000702,Fx,10-048,1084,66840.4200367, ,0,0,0,2100,V,SOFOHNY,2012,SOFOHNY, ,Est,Haut Nyong, ,68030,Classee,2011,2011/1577/PM DU 29 JUIN 2011,66607,Sans plan d'aménagement,NA,NA, , , , , , , ,Attribué,305658.804856, , , , , ,e33e2025-37b6-4399-a0c0-0ece03b859d4,{AE425945-5875-417B-8076-A75CC8712689},306583.410712619,672822568.844485
109,041000701,Fx,10-037,1042,52519.965289, ,0,0,0,2100,V,LA ROSIERE,2012,NA,NA,Est,Haut Nyong,Messok,52788,Classee,2011,2011/1535/PM DU 17 JUIN 2011,52186,Plan Aménagement Approuvé,2005,0013/N/MINFOF/SG/DF/SDIAF/SI,0214/C/MINFOF/SG/DF/SDAFF/SAG DU 28 Août 2012, , , , , , ,Attribué,136924.356416, , , , , ,164c9106-d477-42cc-97cb-c39c88482bf8,{A2A6AEB8-880A-41A1-8003-AC65E4590CC4},137054.475696427,526818254.885006
110,041000702,Fx,09-028,1082,28955.1544404, ,10684,2777,28164,1500,V,EFFA JBP,2006,EFFA JBP,NA,Sud,Ocean, ,26895,Classee,2011,2011/2345/PM DU 11 AOUT 2011,"28961,3",Plan Aménagement Approuvé,2011,2230/L/MINFOF/SG/DF/SDIAF, , , , , , , ,Attribué,189316.778006, , , , , ,0bc91b68-0b04-45eb-93b9-3c8568332d93,{95CAEF52-8346-412D-BC42-50906B4DD0B9},190260.162465617,292501242.159694
111,041000702,Fx,09-026,1081,35103.2635626,Bureau Veritas,37655,10858,0,5100,V,CUF,2006,CUF,WIJMA,Sud,Mvilla/Ocean, ,49026,Classee,2011,2011/2659/PM DU 23 AOUT 2011,"35103,3",Plan Aménagement Approuvé,2008,2080/L/MINFOF/SG/DF/SDIAF, , , ,OLB, , ,22/07/2010,Attribué,138973.011642, , , , , ,4d1b5a29-8954-4c9f-a895-f7ed004bf2c4,{128BE084-1354-444A-841D-FBACD214A5D4},139549.149743213,354471528.826631
112,041000702,Fx,09-027,1081,12691.5406655,Bureau Veritas,0,0,0,5100,V,CUF,2006,CUF,WIJMA,Sud,Mvilla/Ocean, ,15435,Classee,2011,2011/2344/PM DU 11 AOUT 2011,"12682,5",Plan Aménagement Approuvé,2008,2080/L/MINFOF/SG/DF/SDIAF, , , ,OLB, , ,22/07/2010,Attribué,70910.3690151, , , , , ,60ea846d-6bd4-4255-b8a9-c509fb2c84f9,{AC380130-2D79-4730-AA70-7D2F6A53D3D8},71203.2791676853,128159580.620821
113,041000701,Fx,10-067,1105,51174.764687, ,0,0,0,1500,V,BOTAC,2013, , ,Est,Boumba et Ngoko,Moloundou,42500,EnCours, , , ,Sans plan d'aménagement,NA,NA, , , , , , , ,Attribué,140664.701733, , , , , ,5dc8a6bd-6d33-402f-986f-4014904f467f,{4204B2E5-22F3-4209-A2ED-55DEBCEF3739},140640.335521746,511801614.534663
114,041000701,Fx,10-066,1104,56423.8430987, ,0,0,0,1500,V,BOTAC,2013, , ,Est,Haut Nyong,Ngoila,49750,EnCours, , , ,Sans plan d'aménagement,NA,NA, , , , , , , ,Attribué,170690.734411, , , , , ,1ddeb2be-1213-47b7-b95f-0fa7c2e12c01,{BE53245B-957B-46B3-BA19-59F68B1ECA51},170363.333324377,562475193.533151
115,041001202,Fc,Mbang,0,19821.1469739, ,0,0,0,0, , , , , , , , ,19854, , , , , , , , , , , , , , ,Avis au public,0,Foret Communale de Mbang,0193/MINFOF/SG/DF/SDIAF/SA,Avis au public,2006,En cours,e9a21606-0573-4f54-99e4-91d6a9f40a33,{95F65E5C-0858-4C66-85C9-9C5FCEE73F93},90188.9962224077,198934593.614166
116,041001202,Fc,Yoko,0,29716.8050112, ,0,0,0,0, , , , , , , , ,29500, , , , 29500, , , , , , , , , , ,Classee,0,Foret Communale de Yoko,2011/0038/PM DU 11/01/2011,Decret,2011,Classee,31eb4972-df18-49ad-b7c3-78f7b292ec8c,{EDAFF7AB-CBB9-4909-8D6D-A00EC7F283FF},83788.4052042404,300714546.160592
117,041001201,Fc,Gari Ngombo,0,35224.9566253, ,0,0,18046,0, , , , , , , , ,29255.206, , , ,29255, , , , , , , , , , ,Classee,0,Foret Communale de Gari Ngombo,2006/1900/PM DU 04/10/2006,Decret,2006,Classee,35e362bb-f006-474a-bb72-e3f6a9974e3e,{30C78A9F-9609-4FFB-8B8C-6F04D4F2D32E},104145.358863294,352102156.750324
118,041001201,Fc,Yokadouma,0,21479.8472629, ,0,0,22234,0, , , , , , , , ,21780.718, , , ,22206, , , , , , , , , , ,Classee,0,Foret Communale de Yokadouma,2005/1478/PM DU 11/05/2005,Decret,2005,Classee,43d2c8b7-2e26-42d4-9554-55e8107dd1ef,{38CFB9F8-6B67-4A38-B082-BB0029291A9C},83062.2659402519,214942120.117411
119,041001202,Fc,Ebolowa,0,15702.3940966, ,0,0,0,0, , , , , , , , ,16126.478, , , , , , , , , , , , , , ,Avis au Public,0,Foret Communale de Ebolowa,0032/AP/MINFOF/SG/DF/SDIAF/SC/MP,Avis au public,2009,En cours,7b4e050f-9b43-42c4-82b4-d61b7dd7b227,{2069FD7D-1175-46F6-B48E-3B8C5793D06F},67552.1778937528,158403727.662937
120,041001201,Fc,Mouloundou,0,42556.1580972, ,0,0,15485,0, , , , , , , , ,42556.158, , , ,42612, , , , , , , , , , ,Classee,0,Foret Communale de Mouloundou,2005/1475/PM DU 11/05/2005,Decret,2005,Classee,afe31cd0-2624-43bf-b634-66205bc5b4f5,{31F6B529-1958-46B0-BE24-D88833346A09},106449.807116076,424441047.566406
121,041001201,Fc,Messondo,0,15495.5187081, ,0,0,0,0, , , , , , , , ,15495.519, , , ,16864, , , , , , , , , , ,Classee,0,Foret Communale de Messondo,2006/1899/PM DU 04/10/2006,Decret,2006,Classee,f5af34a5-a681-42fd-8e71-53eff79beac9,{0626FDBD-7112-4035-B1CA-5051387CDEEB},119713.010834324,156599185.523307
122,041001202,Fc,Sangmelima,0,32734.5628326, ,0,0,0,0, , , , , , , , ,32770, , , , , , , , , , , , , , ,Avis au public,0,Foret Communale de Sangmelima,0014/MINFOF/SG/DF/SDIAF/SC,Avis au public,2009,En cours,02502cd0-fe11-41d2-b257-e0fe8348f0ea,{5B069547-1BCD-4D23-9DF5-18ECF2A471D6},139449.498805171,329918554.861357
123,041001202,Fc,Ambam,0,44619.538739, ,0,0,0,0, , , , , , , , ,44620, , , , , , , , , , , , , , ,Transmission du dossier au PM,0,Foret Communale de Ambam,ND,ND,ND,En cours,61520c82-805a-4686-9454-a8397d10acc2,{D846E668-ACB2-46A4-B6A5-346EBCD712C2},234636.050029094,449735826.517
124,041001201,Fc,Djoum,0,15139.7705714, ,0,0,0,0, , , , , , , , ,15139.991, , , ,15270, , , , , , , , , , ,Classee,0,Foret Communale de Djoum,2002/1070/PM DU 19/06/2002,Decret,2002,Classee,8274fc40-c538-4c38-b78d-ab7f2755c4fc,{6AE79635-5391-49C6-BF75-AC3F05CDF14B},64777.7953013862,152198014.88989
125,041001201,Fc,Dimako,0,18045.4187735, ,0,0,4818,0, , , , , , , , ,18045.419, , , ,16240, , , , , , , , , , ,Classee,0,Foret Communale de Dimako,2001/0386/PM DU 13/06/2001,Decret,2001,Classee,b53dc407-d744-4bc3-8f97-cc96bd59a0f1,{350AB21D-18F7-4471-BE24-D77767FAAB97},64156.5124898017,181635526.029407
126,041001202,Fc,Batouri,0,14152.4146032, ,0,0,0,0, , , , , , , , ,14326, , , , , , , , , , , , , , ,Transmission du dossier au PM,0,Foret Communale de Batouri,0064/AP/MINFOF/SG/DF/SDFC/RFC,Avis au public,2009,En cours,18050e9d-d50d-4a59-beb0-88a0412c0400,{E3697E18-BF97-45A5-BA70-43EB1C681A47},59865.2040933461,142105285.21478
127,041001201,Fc,Nanga Eboko,0,19965.342113, ,0,0,0,0, , , , , , , , ,20000, , , ,20000, , , , , , , , , , ,Classee,0,Foret Communale de Nanga Eboko,2009/2046/PM DU 16/11/2009,Decret,2009,Classee,a04eb730-4d76-4dea-bfdc-6cf91058acc8,{66B32AB7-6A38-4553-9A4C-AE64D5CE24FC},108001.090438353,201992030.629901
128,041001202,Fc,Ndelele,0,11073.0295646, ,0,0,0,0, , , , , , , , ,10550, , , , , , , , , , , , , , ,Avis au Public,0,Foret Communale de Ndélélé,0189/MINFOF/SG/DF/SDIAF/SA,Avis au public,2006,En cours,0b9cb9f9-ca51-49cb-ba27-ca37994e647b,{0CF2E83F-2F7C-4498-BB8A-649806417713},73757.5448615442,110906055.458473
129,041001201,Fc,Messamena-Mindourou,0,36465.0849741, ,0,0,0,0, , , , , , , , ,36507.5, , , ,"36507,5", , , , , , , , , , ,Classee,0,Foret Communale de Messamena-Mindourou,2010/3837/PM DU 31/12/2010,Decret,2010,Classee,724d3860-59ca-4993-a6d0-87272bb0da9d,{8449B7D0-3A34-4C43-B232-43261A6829B1},128218.864816332,367011255.733412
130,041001202,Fc,Salapoumbe,0,22886.6874713, ,0,0,0,0, , , , , , , , ,23772, , , , , , , , , , , , , , ,Transmission du dossier au PM,0,Foret Communale de Salapoumbe,0083/MINFOF/SG/DF/SDIAF/SISDEF-SC,Avis au public,2007,En cours,24e45f77-e4b7-4135-9733-3b200c63fb2b,{BC6689FE-1DED-4902-9340-F451020B9764},146467.052319334,228322603.004125
131,041001202,Fc,Doumaintang,0,37965.8990948, ,0,0,0,0, , , , , , , , ,37966, , , , , , , , , , , , , , ,Transmission du dossier au PM,0,Foret Communale de Doumaintang,0126/MINFOF/SG/DF/SDIAF/SC,Avis au public,2008,En cours,a75f1795-c674-439e-a019-8c1ca4e7abee,{8ED59AE4-65C7-4E9F-9501-C72D59007ED4},99155.1197511682,382714181.707937
132,041001201,Fc,Dzeng,0,21167.0590759, ,0,0,0,0, , , , , , , , ,25182.369, , , ,21212, , , , , , , , , , ,Classee,0,Foret Communale de Dzeng,2010/2578/PM DU 17/09/2010,Decret,2010,Classee,e7bba13f-e8db-4d0e-b52b-1aa9e4ffac84,{CD26DFBB-864E-4B90-8512-05B2BDD386B4},125682.729106954,213627122.50995
133,041001201,Fc,Minta,0,41555.6934429, ,0,0,0,0, , , , , , , , ,45225.508, , , ,41087, , , , , , , , , , ,Classee,0,Foret Communale de Minta,2010/2579/PM DU 17/09/2010,Decret,2010,Classee,3a8b29f9-8619-4628-9cf4-b228b7ea1959,{B17AA089-D96F-41CE-B4FF-2CCE8C6E88B0},197888.660791815,419570842.416514
134,041001202,Fc,Ayos,0,12007.5949104, ,0,0,0,0, , , , , , , , ,12006.7, , , , , , , , , , , , , , ,Avis au Public,0,Foret Communale de Ayos,0125/AP/MINFOF/SG/DF/SDIAF/SC/MP,Avis au public,2008,En cours,164bec50-c5c4-4b13-86bb-79ce98935c56,{76CC69EB-5516-4339-B466-792D3DE27A99},91733.8341076169,121149960.607034
135,041001202,Fc,Nguti,0,11743.7414149, ,0,0,0,0, , , , , , , , ,12083, , , , , , , , , , , , , , ,Transmission du dossier au PM,0,Foret Communale de Nguti,0121/MINFOF/SG/DF/SDIAF/SA,Avis au public,2007,En cours,35bab959-4953-417b-b47e-d6ef68df1811,{FB7C233B-6EF5-4503-A293-2E75A845AC11},66139.5943876593,119320857.03937
136,041001201,Fc,Lomie,0,15603.3324901, ,0,0,0,0, , , , , , , , ,15190, , , ,15190, , , , , , , , , , ,Classee,0,Foret Communale de Lomie,2010/1742/PM DU 08/06/2010,Decret,2010,Classee,202d7a52-ff95-4d62-bd64-41461d7f2d63,{C875BD5B-C12F-440B-9443-CE175ECB72B0},74893.7324649989,156523331.098282
137,041001202,Fc,Yingui,0,25670.3825751, ,0,0,0,0, , , , , , , , ,25110, , , , , , , , , , , , , , ,Avis au public,0,Foret Communale de Yingui,8021/MINFOF/SG/DF/SDIAF/SC,Avis au public,2009,En cours,a73136b6-b171-4c39-89b4-21644b47613f,{CD7837B0-7F04-47DB-84B8-67DB4427EEBF},155209.280402917,260088178.225179
138,041001202,Fc,Ndom/Ngambé/Nyanon,0,23088.325331, ,0,0,0,0, , , , , , , , ,26496, , , , , , , , , , , , , , ,Avis au public,0,Foret Communale de Ndom/Ngambé/Nyanon,0801/MINFOF/SG/DF/DPCF/Projet SI-KOP,Avis au public,2009,En cours,58329b9e-1003-4585-8ad2-00eebdef3a0d,{9C9139B7-7752-4661-8A1E-7000270075BD},163232.41999429,233778745.491514
139,041001202,Fc,Massok-Songloulou,0,23385.9131609, ,0,0,0,0, , , , , , , , ,23064, , , , , , , , , , , , , , ,Avis au public,0,Foret Communale de Massok-Songloulou,0066/AP/MINFOF/SG/DF/SDFC/RFC/N,Avis au public,2009,En cours,149090c6-dc2e-4062-af61-f152a2e4da27,{01F79C07-4967-47F4-848D-C122A419AB97},120662.195018197,236688357.360033
140,041001202,Fc,Makak,0,11303.6980021, ,0,0,0,0, , , , , , , , ,11298, , , , , , , , , , , , , , ,Avis au public,0,Foret Communale de Makak,0065/MINFOF/SG/DF/SDIAF/SC/MP,Avis au public,2009,En cours,f0d08947-9114-4759-bd23-88cdd29774f1,{91895045-B7FE-4FD1-94C2-5C5E87084A5B},137362.490715737,114223774.635373
141,041001202,Fc,Angossas,0,22172.9757192, ,0,0,0,0, , , , , , , , ,22150, , , , , , , , , , , , , , ,Avis au public,0,Foret Communale d'Angossas,0112/MINFOF/SG/DF/SDIAF/SC/N,Avis au public,2009,En cours,9ab9481e-9728-4115-a01c-555269ec5e42,{99384EA9-0EDB-4725-BCE6-F30730A705C2},101411.507587606,223470600.863976
142,041001202,Fc,Mvangan,0,33641.3472004, ,0,0,0,0, , , , , , , , ,44730, , , ,"33720,5", , , , , , , , , , ,Classee,0,Foret Communale de Mvangan,2012/3552/PM DU 07/11/2012,Decret,2012,Classee,4b53d0fc-c962-4130-9620-c8c462cbd4aa,{9D89915A-B612-4BB8-AD92-97A0160822CE},77857.9412365016,338772659.336957
143,041001202,Fc,Doume,0,40602.3462791, ,0,0,0,0, , , , , , , , ,40700, , , , , , , , , , , , , , ,Avis au public,0,Foret Communale de Doume,0075/MINFOF/SG/DF/SDIAF/SC/N,Avis au public,2010,En cours,fdb9dce4-001d-470c-ba1a-6e3a57d9e480,{D802CD2A-CD08-4DD9-8780-62841C595916},189511.050638132,409072406.157402
144,041001202,Fc,Mundemba,0,34437.0740503, ,0,0,0,0, , , , , , , , ,36210, , , , , , , , , , , , , , ,Transmission du dossier au PM,0,Foret Communale de Mundemba,0043/MINFOF/SG/DF/SDIAF/SC/N,Avis au public,2010,En cours,f3f3370d-66f3-498a-86c8-c5d3f1bfca5b,{18A8E1B6-368F-4E74-9C2E-6C4C1422225A},213624.875679244,349618961.983079
145,041001201,Fc,Akom II-Efoulan,0,17178.2254321, ,0,0,0,0, , , , , , , , ,17226, , , ,17226, , , , , , , , , , ,Classee,0,Foret Communale de AkomII-Efoulan,2010/2576/PM du 17/09/2010,Decret,2010,Classee,fee7a41a-b5c8-4b10-9715-db31aaae9652,{4D47CEB1-7F5B-40B9-9C83-9BB18F1EDEB7},84576.2206633942,173431727.959412
146,041001202,Fc,Bélabo,0,59602.0027369, ,0,0,0,0, , , , , , , , ,59214, , , , , , , , , , , , , , ,Avis au public,0,Foret Communale de Bélabo,0033/MINFOF/SG/DF/SDIAF/SC,Avis au public,2011,En cours,480f1c74-3007-45b7-9081-baf818c639b4,{7DD8FC20-2428-4464-9821-008D31065D39},163344.40119838,601099783.584664
147,041001201,Fc,Ndikinimeki,0,20269.7498417, ,0,0,0,0, , , , , , , , ,23080, , , ,20000, , , , , , , , , , ,Classee,0,Foret Communale de Ndikinimeki,2011/1576/PM DU 29/06/2011,Decret,2011,Classee,ba75dd99-118f-4e7b-91e4-403afb930a35,{3F1723A0-49C4-4A9B-9288-AE89DDFAC6CF},123168.925152888,205484968.282121
148,041001202,Fc,Endom,0,15311.3134727, ,0,0,0,0, , , , , , , , ,15000, , , , , , , , , , , , , , ,Avis au public,0,Foret Communale d'Endom,0158/MINFOF/SG/DF/SDIAF/SC/ADH,Avis au public,2012,En cours,b30a70d2-5d5a-454f-952d-55990e005c10,{BFB1A63D-B2E5-49C7-AF6C-798507C3E6D0},118304.883241726,154339225.089957
149,041001202,Fc,Oveng,0,20321.6724482, ,0,0,0,0, , , , , , , , ,20385, , , , , , , , , , , , , , ,Avis au public,0,Foret Communale d'Oven,0054/AP/MINFOF/SG/DF/SDIAF/SC/ADH,Avis au public,2011,En cours,fc43c6d2-2e5a-4a9b-ac5b-a9dda307c30f,{FA095B16-8F95-4BCF-98D3-63980278DCA1},110779.767292328,204454384.437184
150,041001202,Fc,Bengbis,0,29837.3934037, ,0,0,0,0, , , , , , , , ,30015, , , , , , , , , , , , , , ,Avis au public,0,Foret Communale de Bengbis,0048/AP/MINFOF/SG/DF/SDIAF/SC,Avis au public,2012,En cours,795961d9-9792-465e-87ab-8784c88e80e4,{95FC0CAE-A4F7-4441-B32E-F1FDDBC46E08},150208.035997336,300574130.971351
151,041001202,Fc,Meyomessi,0,22061.8773717, ,0,0,0,0, , , , , , , , ,22290, , , , , , , , , , , , , , ,Avis au public,0,Foret Communale de Meyomessi,0084/AP/MINFOF/SG/DF/SDIAF/SC,Avis au public,2012,En cours,1dd32725-d750-4313-b948-8dc2d208fd90,{D34AACBA-2C44-4215-8AC8-6736E6AA17C4},80769.4387390713,222077288.164524
