PRODUCT DESCRIPTION,IMPORTER,IMPORTER ENTITY,SHIPPER,ARRIVAL DATE,YEAR,GROSS WEIGHT (LB),GROSS WEIGHT (KG),FOREIGN PORT,US PORT,VESSEL NAME,COUNTRY OF ORIGIN,MARKS &AMP; NUMBERS,CONSIGNEE ADDRESS,SHIPPER ADDRESS,ZIP CODE,NO. OF CONTAINERS,CONTAINER NUMBER,CONTAINER TYPE,QUANTITY,QUANTITY UNIT,MEASUREMENT,MEASUREMENT UNIT,BILL OF LADING,HOUSE VS MASTER,MASTER B/L,VOYAGE NUMBER,SEAL,SHIP REGISTERED IN,IN-BOND ENTRY TYPE,CARRIER CODE,CARRIER NAME,CARRIER CITY,CARRIER STATE,CARRIER ZIP,CARRIER ADDRESS,NOTIFY PARTY,NOTIFY ADDRESS,PLACE OF RECEIPT,SHIPPER_CLEANED,SHIPPER_COUNTRY,purpleheart,ekki,bulletwood
FSC 100% EKKI / AZOBE HARDWOOD MATERIAL CERT. SKHCOC-000642,"BORO SAWMILL & TIMBER CO., INC.",BORO SAWMILL & TIMBER CO INC,NWS SHIPPING BV,05/07/2025,2025,26479,12036,Rotterdam,"New York/Newark Area, Newark, New Jersey",OOCL CHONGQING,Netherlands,NO MARKS,139 RYERSON AVENUE WAYNE NJ 07470 UNITED STATES TE 8324607,1E BARENDRECHTSEWEG 82 BARENDRECHT ZH 2992 XC NETHERLANDS TE 239090,7470,1,CSLU1565283,22G1,11,BDL,10,CM,COSU6414088570, , ,059W,BS579466,HONG KONG, ,COSU,CHINA OCEAN SHIPPING COMPANY,SECAUCUS,NJ,7094,100 LIGHTING WAY,SAVINO DEL BENE U.S.A. INC.,34 ENGLEHARD AVENUE AVENEL NJ 07001 UNITED STATES,ROTTERDAM,NWS Shipping BV,Netherlands,False,True,False
------------ FCIU4606655 DESCRIPTION---------PURPLE HEART LUMBER THIS MASTER BILL COVERS AUTOMATED NVOCC HOUSE BILL: GY-O-O325-01 -------------GENERIC DESCRIPTION-------------FREIGHT COLLECT,BORO SAWMILL TIMBER CO,BORO SAWMILL & TIMBER CO INC,GTI WOOD PRODUCTS INC,05/01/2025,2025,14529,6604,Port Bustamante,"New York, New York",MARFRET GUYANE,Jamaica,NO MARKS,"139 RYERSON AVE WAYNE, NJ 07470 WAYNE, NJ TE US",LOT 12 BB ECCLES EAST BANK DEMERARA TE GEORGETOWN,7470,1,FCIU4606655,2200,22,PCS,0,CM,CMDUCUY0114299,H,CMDUCUY0114050,0UAK5,380643 C7956008,FRANCE, ,CMDU,COMPAGNIE MARITIME D-AFFRETEMENT,NORFOLK,VA,23502,5701 LAKE WRIGHT DR,BORO SAWMILL TIMBER CO,"139 RYERSON AVE WAYNE, NJ 07470 WAYNE, NJ","GEORGETOWN, GY",G & T Wood Products Inc.,Jamaica,True,False,False
HARDWOOD PALLETS EKKI SAWN TIMBER FSC 100% CERT. SKHCOC-000642 HS CODE 440729,BORO SAWMILL & TIMBER CO INC,BORO SAWMILL & TIMBER CO INC,HUPKES WIJMA B.V.,03/20/2025,2025,24141,10973,Rotterdam,"Jacksonville, Florida",MSC JULIA R.,Netherlands,NO MARKS NO MARKS,139 RYERSON AVE WAYNE NJ 07470-7207 UNITED STATES,HAATLANDHAVEN 3 KAMPEN 8263 AS NETHERLANDS,07470-7207,1,MEDU3105707,22G1,9,PKG,9,X,MEDUO7483813, , ,508A,BS579470,LIBERIA, ,MEDU,MSC MEDITTERRANEAN SHIPPING COMPANY SA,GENEVA, , , ,SAVINO DEL BENE USA INC,34 ENGLEHARD AVE AVENEL NJ 07001 UNITED STATES,ROTTERDAM,Hupkes Wijma B.V.,Netherlands,False,True,False
100% EKKI / AZOBE HARDWOOD MATERIAL,"BORO SAWMILL & TIMBER CO., INC.",BORO SAWMILL & TIMBER CO INC,NWS SHIPPING BV,02/20/2025,2025,41800,19000,Rotterdam,"New York/Newark Area, Newark, New Jersey",COSCO HOPE,Netherlands,NO MARKS,139 RYERSON AVENUE WAYNE NJ 07470 UNITED STATES TE 8324607,1E BARENDRECHTSEWEG 82 BARENDRECHT ZH 2992 XC NETHERLANDS TE 239090,7470,1,OOCU0592699,22G1,13,BDL,14,CM,COSU6408477910, , ,066W,TSK5960377,HONG KONG, ,COSU,CHINA OCEAN SHIPPING COMPANY,SECAUCUS,NJ,7094,100 LIGHTING WAY,SAVINO DEL BENE U.S.A. INC.,34 ENGLEHARD AVENUE AVENEL NJ 07001 UNITED STATES,ROTTERDAM,NWS Shipping BV,Netherlands,False,True,False
SLAC 16 HARDWOOD PALLETS FSC 100% SLAC/STC 16 HARDWOOD PALLETS FSC 100% EKKI / AZOBE HARDWOOD MATERIAL CERT. SKHCOC- 000642 HS CODE 440729 DTHC PREPAID SLAC 16 HARDWOOD PALLETS FSC 100% SLAC/STC 16 HARDWOOD PALLETS FSC 100% EKKI / AZOBE HARDWOOD MATERIAL CERT. SKHCOC- 000642 HS CODE 440729,"BORO SAWMILL & TIMBER CO INC.,",BORO SAWMILL & TIMBER CO INC,HUPKES WIJMA B.V.,02/19/2025,2025,85800,39000,Rotterdam,"New York/Newark Area, Newark, New Jersey",CHENNAI EXPRESS,Netherlands,NO MARKS . . . . . . NO MARKS . . . . .,"139, RYERSON AVE, WAYNE, NJ 07470, USA EIN 11 - 2103766 PH 973-832-4607 DAVEBOROSAWMILL.COM",HAATLANDHAVEN 3 8263 AS KAMPEN THE NETHERLANDS, ,2,BMOU2730376 UACU3812638,2210 2210,32,PCS,0, ,HLCURTM250126875, , ,011W,TSK5960380 TSK5960375,LIBERIA, ,HLCU,HAPAG LLOYD A G,HAMBURG, , ,399 HOES LN,SAVINO DEL BENE USA - HQ,"34 ENGELHARD AVE. AVENEL NJ07001, USA ATTN BOB COMPLE TEL +1 732 454 6823","ROTTERDAM, NL",Hupkes Wijma B.V.,Netherlands,False,True,False
9 HARDWOOD PALLETS FSC 100 PCT EKKI / AZOBE HARDWOOD MATERIAL CERT. SKHCOC-000642 FMC LICENSE 023163 H.S. CODE 4407 CONTAINERS SAID TO CONTAIN CONTAINERS SAID TO CONTAIN CONTAINERS SAID TO CONTAIN CONTAINERS SAID TO CONTAIN,BORO SAWMILL & TIMBER CO INC.,BORO SAWMILL & TIMBER CO INC,HUPKES WIJMA B.V.,09/23/2024,2024,42570,19350,Antwerp,"New York/Newark Area, Newark, New Jersey",ATLANTIC SEA,Belgium,N/M . . . . .,"139 RYERSON AVE WAYNE, ISP TECH NJ 07470 US",HAATLANDHAVEN 3 AS KAMPEN 8263 NL,7470,1,GAOU6838239,4500,9,PCS,1,X,ACLUSA01081152, , ,ATE36,TSK5960439,MALTA, ,ACLU,ATLANTIC CONTAINER LINE AB,ISELIN,NJ,8830,PO BOX 4120,SAVINO DEL BENE USA,34 ENGLEHARD AVENUE AVENEL NJ 07001 US,ANTWERP,Hupkes Wijma B.V.,Netherlands,False,True,False
BEING 17 HARDWOOD PALLETS FSC 100 EKKI /AZOBE HARDWOOD MATERIAL CERT. SKHCOC-000642 FMC LICENSE 023163 H.S. CODE 440729 CONTAINERS SAID TO CONTAIN,BORO SAWMILL & TIMBER CO INC.,BORO SAWMILL & TIMBER CO INC,HUPKES WIJMA B.V.,08/08/2024,2024,42900,19500,Antwerp,"New York/Newark Area, Newark, New Jersey",ATLANTIC SKY,Belgium,CT # 89 . . .,"139 RYERSON AVE WAYNE, ISP TECH NJ 07470 US",HAATLANDHAVEN 3 AS KAMPEN 8263 NL,7470,1,GCNU1283058,2200,17,PCS,1,X,ACLUSA01067518, , ,ATK33,TSK5960437,MALTA, ,ACLU,ATLANTIC CONTAINER LINE AB,ISELIN,NJ,8830,PO BOX 4120,SAVINO DEL BENE USA,34 ENGLEHARD AVENUE AVENEL NJ 07001 US,ANTWERP,Hupkes Wijma B.V.,Netherlands,False,True,False
CONTAINERS SAID TO CONTAIN CONTAINERS SAID TO CONTAIN 17 HARDWOOD PALLETS FSC 100 PERCENT EKKI / AZOBE HARDWOOD MATERIAL CERT. SKHCOC-000642 FMC LICENSE 023163 H.S. CODE 440729,BORO SAWMILL & TIMBER CO INC.,BORO SAWMILL & TIMBER CO INC,HUPKES WIJMA B.V.,07/24/2024,2024,42900,19500,Antwerp,"New York/Newark Area, Newark, New Jersey",ATLANTIC SAIL,Belgium,N/M . . . .,"139 RYERSON AVE WAYNE, ISP TECH NJ 07470 US",HAATLANDHAVEN 3 AS KAMPEN 8263 NL,7470,1,GCNU1251549,2200,17,PCS,1,X,ACLUSA01063153, , ,ATS26,TSK5960438,MALTA, ,ACLU,ATLANTIC CONTAINER LINE AB,ISELIN,NJ,8830,PO BOX 4120,SAVINO DEL BENE USA,34 ENGLEHARD AVENUE AVENEL NJ 07001 US,ANTWERP,Hupkes Wijma B.V.,Netherlands,False,True,False
BEING 17 HARDWOOD PALLETS FSC 100 PCT EKKI / AZOBE HARDWOOD MATERIAL CERT.SKH-COC-000642 FMC LICENSE 023163 H.S. CODE 440729 CONTAINERS SAID TO CONTAIN CONTAINERS SAID TO CONTAIN CONTAINERS SAID TO CONTAIN,BORO SAWMILL & TIMBER CO INC.,BORO SAWMILL & TIMBER CO INC,HUPKES WIJMA B.V.,07/17/2024,2024,42900,19500,Antwerp,"New York/Newark Area, Newark, New Jersey",ATLANTIC SUN,Belgium,N/M . . . . .,"139 RYERSON AVE WAYNE, ISP TECH NJ 07470 US",HAATLANDHAVEN 3 AS KAMPEN 8263 NL,7470,1,ACLU2796576,2200,17,PCS,1,X,ACLUSA01061758, , ,ASU35,TSK5960436,MALTA, ,ACLU,ATLANTIC CONTAINER LINE AB,ISELIN,NJ,8830,PO BOX 4120,SAVINO DEL BENE USA,34 ENGLEHARD AVENUE AVENEL NJ 07001 US,ANTWERP,Hupkes Wijma B.V.,Netherlands,False,True,False
HARDWOOD PALLETS HARDWOOD PALLETS FSC 100% EKKI / AZOBE HARDWOOD MATERIAL CERT.SKH-COC-000642 FMC LICENSE #023163 FREIGHT PREPAID SHIPPED ON BOARD DESTINATION THC PREPAID,"BORO SAWMILL & TIMBER CO INC.,",BORO SAWMILL & TIMBER CO INC,S&R MARINE SERVICE BV AS NVOCC FOR:,07/05/2024,2024,42900,19500,Rotterdam,"New York/Newark Area, Newark, New Jersey",OOCL CHONGQING,Netherlands,CT #85 CT #85 THE SAME THE SAME THE SAME THE SAME THE SAME,"139, RYERSON AVE, WAYNE, NJ 07470, USA EIN 11 - 2103766 PH: 973-832-4607 DAVE@BOROSAWMILL.COM",HOLLAND FREIGHT BRIDGE BV NIEUWE LANGEWEG 173 3194 DC ROTTERDAM THE NETHERLANDS, ,1,EMCU6313118,22G1,17,BDL,15,X,EGLV520400093305, , ,053W,TSK5960431,HONG KONG, ,EGLV,EVERGREEN LINE,TAOYUAN HSIEN 338, , ,NO 163 SEC 1 HSIN-NAN ROAD LUCHU HSIAN,SAVINO DEL BENE USA - HQ 34,"ENGELHARD AVE. AVENEL NJ07001, USA ATTN BOB COMPLE TEL +1 732 454 6823",ROTTERDAM,S&R Marine Service BV,Netherlands,False,True,False
HARDWOOD PALLETS HARDWOOD PALLETS FSC 100% EKKI / AZOBE HARDWOOD MATERIAL CERT.SKH-COC-000642 FMC LICENSE #023163 FREIGHT PREPAID SHIPPED ON BOARD DESTINATION THC PREPAID,"BORO SAWMILL & TIMBER CO INC.,",BORO SAWMILL & TIMBER CO INC,S&R MARINE SERVICE BV AS NVOCC FOR:,07/05/2024,2024,42900,19500,Rotterdam,"New York/Newark Area, Newark, New Jersey",OOCL CHONGQING,Netherlands,CT # 86 CT # 86 THE SAME THE SAME THE SAME THE SAME THE SAME,"139, RYERSON AVE, WAYNE, NJ 07470, USA EIN 11 - 2103766 PH: 973-832-4607",HOLLAND FREIGHT BRIDGE BV NIEUWE LANGEWEG 173 3194 DC ROTTERDAM THE NETHERLANDS, ,1,EGHU3660150,22G1,17,BDL,15,X,EGLV520400096983, , ,053W,TSK5960432,HONG KONG, ,EGLV,EVERGREEN LINE,TAOYUAN HSIEN 338, , ,NO 163 SEC 1 HSIN-NAN ROAD LUCHU HSIAN,SAVINO DEL BENE USA - HQ 34,"ENGELHARD AVE. AVENEL NJ07001, USA ATTN BOB COMPLE TEL +1 732 454 6823",ROTTERDAM,S&R Marine Service BV,Netherlands,False,True,False
HARDWOOD PALLETS FSC 100% EKKI / AZOBE HARDWOOD MATERIAL CERT.SKH-COC- 000642 FMC LICENSE 023163,"BORO SAWMILL & TIMBER CO INC.,",BORO SAWMILL & TIMBER CO INC,S&R MARINE SERVICE BV,06/14/2024,2024,42900,19500,Rotterdam,"New York/Newark Area, Newark, New Jersey",TUBUL,Netherlands,CT 84 . . . .,"139, RYERSON AVE, WAYNE, NJ 07470, USA EIN 11 - 2103766 PH 973-832-4607 DAVEBOROSAWMILL.COM",AS NVOCC FOR HUPKES WIJMA B.V. HAATLANDHAVEN 3 8263 AS KAMPEN, ,1,TCLU3568902,2210,17,PCS,0, ,HLCURTM240537046, , ,024W,786895 TSK5960462,LIBERIA, ,HLCU,HAPAG LLOYD A G,HAMBURG, , ,399 HOES LN,SAVINO DEL BENE USA - HQ,"34 ENGELHARD AVE. AVENEL NJ07001, USA ATTN BOB COMPLE TEL +1 732 454 6823","ROTTERDAM, NL",S&R Marine Service BV,Netherlands,False,True,False
"HARDWOOD MATERIAL HARDWOOD MATERIAL (PALLETS) FSC 100% (PALLETS) FSC 100% EKKI / AZOBE EKKI / AZOBE HARDWOOD MATERIAL HARDWOOD MATERIAL, CERT.SKH-COC-000642 CERT.SKH-COC-000642 FMC LICENSE #023163 FREIGHT PREPAID SHIPPED ON BOARD DESTINATION THC PREPAID","BORO SAWMILL & TIMBER CO INC.,",BORO SAWMILL & TIMBER CO INC,S&R MARINE SERVICE BV AS NVOCC FOR:,06/07/2024,2024,86900,39500,Rotterdam,"New York/Newark Area, Newark, New Jersey",CMA CGM FIDELIO,Netherlands,BORO CT#82 BORO CT#82 BORO CT#83 BORO CT#82 THE SAME THE SAME THE SAME THE SAME THE SAME THE SAME THE SAME THE SAME THE SAME THE SAME,"139, RYERSON AVE, WAYNE, NJ 07470, USA EIN 11 - 2103766 PH: 973-832-4607 DAVE@BOROSAWMILL.COM",HUPKES WIJMA B.V. HAATLANDHAVEN 3 8263 AS KAMPEN THE NETHERLANDS, ,2,EGHU3534321 EMCU6254782,22G1 22G1,34,BDL,31,X,EGLV520400083075, , ,0LBGT,TSK5960463 TSK5960461,MALTA, ,EGLV,EVERGREEN LINE,TAOYUAN HSIEN 338, , ,NO 163 SEC 1 HSIN-NAN ROAD LUCHU HSIAN,SAVINO DEL BENE USA -,"HQ 34 ENGELHARD AVE. AVENEL NJ07001, USA ATTN BOB COMPLE TEL +1 732 454 6823",ROTTERDAM,S&R Marine Service BV,Netherlands,False,True,False
FSC EKKI AZOBE HARDWOOD MATERIAL CERT PALLETS FSC 100% EKKI / AZOBE HARDWOOD MATERIAL CERT.SKH-COC-000642 FMC LICENSE #023163 FREIGHT PREPAID SHIPPED ON BOARD DESTINATION THC PREPAID,"BORO SAWMILL & TIMBER CO INC., 139,",BORO SAWMILL & TIMBER CO INC,S&R MARINE SERVICE BV AS NVOCC FOR:,05/17/2024,2024,43340,19700,Rotterdam,"New York/Newark Area, Newark, New Jersey",OOCL SEOUL,Netherlands,NO MARKS NO MARKS THE SAME THE SAME THE SAME THE SAME THE SAME,"RYERSON AVE, WAYNE, NJ 07470, USA EIN 11 - 2103766 PH: 973-832-4607 DAVE@BOROSAWMILL.COM",HUPKES WIJMA B.V. HAATLANDHAVEN 3 8263 AS KAMPEN THE NETHERLANDS, ,1,EMCU6280098,22G1,12,BDL,16,X,EGLV520400072430, , ,106W,TSK5960466,HONG KONG, ,EGLV,EVERGREEN LINE,TAOYUAN HSIEN 338, , ,NO 163 SEC 1 HSIN-NAN ROAD LUCHU HSIAN,SAVINO DEL BENE USA - HQ 34,"ENGELHARD AVE. AVENEL NJ07001, USA ATTN BOB COMPLE TEL +1 732 454 6823",ROTTERDAM,S&R Marine Service BV,Netherlands,False,True,False
"HARDWOOD MATERIAL HARDWOOD MATERIAL - PACKED ON 10 HARDWOOD PALLETS FSC 100% EKKI AZOBE CERT.SKH-COC-000642, HS CODE 440729 FMC LICENSE # 023163 FREIGHT PREPAID SHIPPED ON BOARD DESTINATION THC PREPAID","BORO SAWMILL & TIMBER CO INC., 139,",BORO SAWMILL & TIMBER CO INC,S&R MARINE SERVICES AS NVOCC FOR:,07/28/2023,2023,43364,19711,Rotterdam,"New York/Newark Area, Newark, New Jersey",COSCO FAITH,Netherlands,CT#70 CT#70 THE SAME THE SAME THE SAME THE SAME THE SAME THE SAME THE SAME THE SAME THE SAME THE SAME,"RYERSON AVE WAYNE, NJ 07470, USA EIN 11 - 2103766 PH: 973-832-4607 DAVE@BOROSAWMILL.COM",HUPKES WIJMA B.V. HAATLANDHAVEN 3 8263 AS KAMPEN THE NETHERLANDS, ,1,EITU0403864,22G1,10,BDL,16,X,EGLV520300111302, , ,063W,TSK5960460,HONG KONG, ,EGLV,EVERGREEN LINE,TAOYUAN HSIEN 338, , ,NO 163 SEC 1 HSIN-NAN ROAD LUCHU HSIAN,SAVINO DEL BENE USA - HQ 34,"ENGELHARD AVE. AVENEL NJ07001, USA ATTN BOB COMPLE TEL +1 732 454 6823",ROTTERDAM,S&R Marine Service BV,Netherlands,False,True,False
"EKKI/AZOBE - SAWN TIMBER HS CODE 44072915, 4 . EKKI/AZOBE - SAWN TIMBER HS CODE 44072915, 4 .",BORO SAWMILL & TIMBER CO INC,BORO SAWMILL & TIMBER CO INC,HUPKES HOUTHANDEL DIEREN B.V.,01/18/2022,2022,76120,34600,Antwerp,"New York/Newark Area, Newark, New Jersey",ATLANTIC SKY,Belgium,402729 NO MARKS 402729 NO MARKS,"139, RYERSON AVE, WAYNE NJ 07470 US",SPANKERENSEWEG 79 DIEREN 6951 NL,7470,2,GCNU1204341 GCNU4763174, ,2011,PCS,0, ,RSECUSNYC1120281,H,ACLUSA00742759,ATK80,B1866355 B1866360,UNITED KINGDOM, ,RSEC,ROSE CONTAINERLINE INC,NEW YORK,NY,10001,259 WEST 30TH ST 12TH FL,OEC GROUP NEW YORK,ONE CROSS ISLAND PLAZA 133-33 BROOKVILLE BLVD STE. 306,ANTWERP (ANTWERPE,Hupkes Houthandel Dieren B.V.,Netherlands,False,True,False
EKKI / AZOBE - SAWN TIMBER HS CODE 440729,BORO SAWMILL & TIMBER CO INC,BORO SAWMILL & TIMBER CO INC,HUPKES HOUTHANDEL DIEREN B.V.,12/23/2021,2021,43560,19800,Rotterdam,"New York/Newark Area, Newark, New Jersey",ROTTERDAM STAR,Netherlands,NO MARKS,"139, RYERSON AVE, WAYNE NJ 07470 US",SPANKERENSEWEG 79 DIEREN 6951 NL,7470,1,GCNU1309384, ,18,PKG,0, ,RSECUSNYC1120022,H,ACLUSA00734009,3121,B1866273,MARSHALL ISLANDS, ,RSEC,ROSE CONTAINERLINE INC,NEW YORK,NY,10001,259 WEST 30TH ST 12TH FL,OEC GROUP NEW YORK,ONE CROSS ISLAND PLAZA 133-33 BROOKVILLE BLVD STE. 306,ROTTERDAM NETHERL,Hupkes Houthandel Dieren B.V.,Netherlands,False,True,False
EKKI/AZOBE - SAWN TIMBER HS CODE-440729,BORO SAWMILL & TIMBER CO INC,BORO SAWMILL & TIMBER CO INC,HUPKES HOUTHANDEL DIEREN BV,11/13/2021,2021,42900,19500,Rotterdam,"New York/Newark Area, Newark, New Jersey",EVER LASTING,Netherlands,NO MARKS,"139, RYERSON AVE WAYNE NJ 07470 US",SPANKERENSEWEG 79 DIEREN 6951 NL,7470,1,OOLU0328384,22G1,962,PCS,0, ,RSECUSNYC1100180,H,OOLU2127051580,059W,B1866272,UNITED KINGDOM, ,RSEC,ROSE CONTAINERLINE INC,NEW YORK,NY,10001,259 WEST 30TH ST 12TH FL,OEC GROUP NEW YORK,"ONE CROSS ISLAND PLAZA 133-33 BROOKVILLE BLVD, STE 306",ROTTERDAM NETHERL,Hupkes Houthandel Dieren B.V.,Netherlands,False,True,False
FSC 100 EKKI/AZOBE - SAWN TIMBER,BORO SAWMILL & TIMBER CO INC,BORO SAWMILL & TIMBER CO INC,HUPKES HOUTHANDEL DIEREN B.V.,09/30/2021,2021,41690,18950,Rotterdam,"New York/Newark Area, Newark, New Jersey",MEHUIN,Netherlands,NO MARKS,"139, RYERSON AVE, WAYNE NJ 07470 US",SPANKERENSEWEG 79 DIEREN 6951 NL,7470,1,ACLU9652626, ,494,PCS,0, ,RSECUSNYCE0498,H,ACLUSA00700428,121,B1866275,LIBERIA, ,RSEC,ROSE CONTAINERLINE INC,NEW YORK,NY,10001,259 WEST 30TH ST 12TH FL,OEC GROUP NEW YORK,ONE CROSS ISLAND PLAZA 133-33 BROOKVILLE BLVD STE. 306,ROTTERDAM NETHERL,Hupkes Houthandel Dieren B.V.,Netherlands,False,True,False
EKKI/AZOBE - SAWN TIMBER,BORO SAWMILL & TIMBER CO INC,BORO SAWMILL & TIMBER CO INC,HUPKES HOUTHANDEL DIEREN B.V.,07/23/2021,2021,40480,18400,Rotterdam,"New York, New York",YM EVOLUTION,Netherlands,NO MARKS,"139, RYERSON AVE, WAYNE NJ 07470 US",SPANKERENSEWEG 79 DIEREN 6951 NL,7470,1,HLBU1743200, ,1040,PCS,0, ,RSECUSNYC1070037,H,HLCURTM210686715,059W,B1866274,"TAIWAN, PROVINCE OF CHINA", ,RSEC,ROSE CONTAINERLINE INC,NEW YORK,NY,10001,259 WEST 30TH ST 12TH FL,OEC GROUP NEW YORK,ONE CROSS ISLAND PLAZA 133-33 BROOKVILLE BLVD STE. 306,ROTTERDAM NETHERL,Hupkes Houthandel Dieren B.V.,Netherlands,False,True,False
100 FSC EKKI HARDWOOD,BORO SAWMILL & TIMBER CO INC,BORO SAWMILL & TIMBER CO INC,HUPKES HOUTHANDEL DIEREN BV,06/01/2021,2021,40480,18400,Rotterdam,"New York/Newark Area, Newark, New Jersey",EVER LASTING,Netherlands,NO MARKS,"139, RYERSON AVE WAYNE NJ 07470 US",SPANKERENSEWEG 79 DIEREN 6951 NL,7470,1,TRHU3833843, ,1040,PCS,0, ,RSECUSNYCE0136,H,OOLU2121376261,055W,B1866278,UNITED KINGDOM, ,RSEC,ROSE CONTAINERLINE INC,NEW YORK,NY,10001,259 WEST 30TH ST 12TH FL,OEC GROUP NEW YORK,"133-33 BROOKVILLE BLVD, STE 306 ONE CROSS ISLAND PLAZA",ROTTERDAM NETHERL,Hupkes Houthandel Dieren B.V.,Netherlands,False,True,False
100 FSC EKKI HARDWOOD DOUGLAS TIMBER 100 FSC EKKI HARDWOOD DOUGLAS TIMBER,BORO SAWMILL & TIMBER CO INC,BORO SAWMILL & TIMBER CO INC,HUPKES HOUTHANDEL DIEREN B.V.,04/23/2021,2021,85932,39060,Rotterdam,"New York/Newark Area, Newark, New Jersey",EVER LASTING,Netherlands,NO MARKS NO MARKS,"139, RYERSON AVE, WAYNE NJ 07470 US",SPANKERENSEWEG 79 DIEREN 6951 NL,7470,2,FSCU8310526 CBHU8900572,45G1 45G1,694,PCS,0, ,RSECUSNYC1040007,H,OOLU2120236810,054W,BQS500350 B1866277,UNITED KINGDOM, ,RSEC,ROSE CONTAINERLINE INC,NEW YORK,NY,10001,259 WEST 30TH ST 12TH FL,OEC GROUP NEW YORK,ONE CROSS ISLAND PLAZA 133-33 BROOKVILLE BLVD STE. 306,ROTTERDAM NETHERL,Hupkes Houthandel Dieren B.V.,Netherlands,False,True,False
FSC EKKI HARDWOOD HS CODE-440729,BORO SAWMILL & TIMBER CO INC,BORO SAWMILL & TIMBER CO INC,HUPKES HOUTHANDEL DIEREN B.V.,03/17/2021,2021,42790,19450,Rotterdam,"New York/Newark Area, Newark, New Jersey",EVER LASTING,Netherlands,NO MARKS,"139, RYERSON AVE, WAYNE NJ 07470 US",SPANKERENSEWEG 79 DIEREN 6951 NL,7470,1,OOLU1804227, ,267,PCS,0, ,RSECUSNYC1020130,H,OOLU2119603640,053W,B1866271,UNITED KINGDOM, ,RSEC,ROSE CONTAINERLINE INC,NEW YORK,NY,10001,259 WEST 30TH ST 12TH FL,OEC GROUP NEW YORK,ONE CROSS ISLAND PLAZA 133-33 BROOKVILLE BLVD STE. 306,ROTTERDAM NETHERL,Hupkes Houthandel Dieren B.V.,Netherlands,False,True,False
HS CODE 440729 FSC EKKI HARDWOOD HS CODE 440729 FSC EKKI HARDWOOD,BORO SAWMILL & TIMBER CO INC,BORO SAWMILL & TIMBER CO INC,HUPKES HOUTHANDEL DIEREN B.V.,03/02/2021,2021,84150,38250,Rotterdam,"New York/Newark Area, Newark, New Jersey",COSCO PHILIPPINES,Netherlands,NO MARKS NO MARKS,"139, RYERSON AVE, WAYNE NJ 07470 US",SPANKERENSEWEG 79 DIEREN 6951 NL,7470,2,TGBU8801758 CSNU7318821,45G1 45G1,111,PCS,0, ,RSECUSNYC1020050,H,OOLU2119384380,041W,B1866280 B1866276,HONG KONG, ,RSEC,ROSE CONTAINERLINE INC,NEW YORK,NY,10001,259 WEST 30TH ST 12TH FL,OEC GROUP NEW YORK,ONE CROSS ISLAND PLAZA 133-33 BROOKVILLE BLVD STE. 306,ROTTERDAM NETHERL,Hupkes Houthandel Dieren B.V.,Netherlands,False,True,False
100 FSC EKKI HARDWOOD HS CODE 440729 100 FSC EKKI HARDWOOD HS CODE 440729,BORO SAWMILL & TIMBER CO INC,BORO SAWMILL & TIMBER CO INC,HUPKES HOUTHANDEL DIEREN BV,01/12/2021,2021,77429,35195,Rotterdam,"New York/Newark Area, Newark, New Jersey",OOCL ATLANTA,Netherlands,NO MARKS NO MARKS,"139, RYERSON AVE WAYNE NJ 07470 US",SPANKERENSEWEG 79 DIEREN 6951 NL,7470,2,CBHU9539510 BMOU4944994,4500 4500,452,PCS,0, ,RSECUSNYC0120072,H,OOLU2117459170,120W,B1866267 B1866262,HONG KONG, ,RSEC,ROSE CONTAINERLINE INC,NEW YORK,NY,10001,259 WEST 30TH ST 12TH FL,OEC GROUP NEW YORK,"ONE CROSS ISLAND PLAZA 133-33 BROOKVILLE BLVD, STE 306",ROTTERDAM NETHERL,Hupkes Houthandel Dieren B.V.,Netherlands,False,True,False
100 FSC EKKI HARDWOOD 100 FSC EKKI HARDWOOD,BORO SAWMILL & TIMBER CO INC,BORO SAWMILL & TIMBER CO INC,HUPKES HOUTHANDEL DIEREN B.V.,12/24/2020,2020,85470,38850,Rotterdam,"New York/Newark Area, Newark, New Jersey",CMA CGM TOSCA,Netherlands,NO MARKS NO MARKS,"139, RYERSON AVE WAYNE NJ 07470 US",SPANKERENSEWEG 79 DIEREN 6951 NL,7470,2,TGBU8873629 OOLU1953196,45G1 22G1,647,PCS,0, ,RSECUSNYC0110496,H,OOLU2117294270,0LB7R,B1866263 B1866268,FRANCE, ,RSEC,ROSE CONTAINERLINE INC,NEW YORK,NY,10001,259 WEST 30TH ST 12TH FL,OEC GROUP NEW YORK,"133-33 BROOKVILLE BLVD, STE 306 ONE CROSS ISLAND PLAZA",ROTTERDAM NETHERL,Hupkes Houthandel Dieren B.V.,Netherlands,False,True,False
100 FSC EKKI HARDWOOD HS CODE-440729 100 FSC EKKI HARDWOOD HS CODE-440729,BORO SAWMILL & TIMBER CO INC,BORO SAWMILL & TIMBER CO INC,HUPKES HOUTHANDEL DIEREN BV,11/14/2020,2020,87450,39750,Rotterdam,"New York/Newark Area, Newark, New Jersey",CMA CGM TOSCA,Netherlands,NO MARKS NO MARKS,"139, RYERSON AVE WAYNE NJ 07470 US",SPANKERENSEWEG 79 DIEREN 6951 NL,7470,2,OOCU7915983 CSNU6808608,45G1 45G1,219,PCS,0, ,RSECUSNYC0100176,H,OOLU2115981550,0LB7H,B1866264 B1866269,FRANCE, ,RSEC,ROSE CONTAINERLINE INC,NEW YORK,NY,10001,259 WEST 30TH ST 12TH FL,OEC GROUP NEW YORK,"133-33 BROOKVILLE BLVD, STE 306 ONE CROSS ISLAND PLAZA",ROTTERDAM NETHERL,Hupkes Houthandel Dieren B.V.,Netherlands,False,True,False
100 FSC EKKI HARDWOOD,BORO SAWMILL & TIMBER CO INC,BORO SAWMILL & TIMBER CO INC,HUPKES HOUTHANDEL DIEREN B.V.,10/23/2020,2020,43560,19800,Rotterdam,"New York/Newark Area, Newark, New Jersey",OOCL ATLANTA,Netherlands,NO MARKS,"139, RYERSON AVE WAYNE NJ 07470 US",SPANKERENSEWEG 79 DIEREN 6951 NL,7470,1,OOLU8876091,45G1,64,PCS,0, ,RSECUSNYC0100049,H,OOLU2115697720,116W,B1866270,HONG KONG, ,RSEC,ROSE CONTAINERLINE INC,NEW YORK,NY,10001,259 WEST 30TH ST 12TH FL,OEC GROUP NEW YORK,"ONE CROSS ISLAND PLAZA 133-33 BROOKVILLE BLVD, STE 306",ROTTERDAM NETHERL,Hupkes Houthandel Dieren B.V.,Netherlands,False,True,False
100 FSC EKKI HARDWOOD 100 FSC EKKI HARDWOOD,BORO SAWMILL & TIMBER CO INC,BORO SAWMILL & TIMBER CO INC,HUPKES HOUTHANDEL DIEREN BV,10/16/2020,2020,87450,39750,Rotterdam,"New York/Newark Area, Newark, New Jersey",COSCO VIETNAM,Netherlands,NO MARKS NO MARKS,"139, RYERSON AVE, WAYNE NJ 07470 US",SPANKERENSEWEG 79 DIEREN 6951 NL,7470,2,OOCU7983329 OOLU9612560, ,115,PCS,0, ,RSECUSNYC0090503,H,OOLU2115694650,064W,B1866251 B1866265,HONG KONG, ,RSEC,ROSE CONTAINERLINE INC,NEW YORK,NY,10001,259 WEST 30TH ST 12TH FL,OEC GROUP NEW YORK,133-33 BROOKVILLE BLVD STE. 306 ONE CROSS ISLAND PLAZA,ROTTERDAM NETHERL,Hupkes Houthandel Dieren B.V.,Netherlands,False,True,False
100 FSC EKKI HARDWOOD HS CODE-440729,BORO SAWMILL & TIMBER CO INC,BORO SAWMILL & TIMBER CO INC,HUPKES HOUTHANDEL DIEREN BV,09/16/2020,2020,43230,19650,Rotterdam,"New York/Newark Area, Newark, New Jersey",OOCL ASIA,Netherlands,NO MARKS,"139, RYERSON AVE, WAYNE NJ 07470 US",SPANKERENSEWEG 79 DIEREN 6951 NL,7470,1,CSNU6478466, ,58,PCS,0, ,RSECUSNYC0090066,H,OOLU2114959430,158W,B1866252,HONG KONG, ,RSEC,ROSE CONTAINERLINE INC,NEW YORK,NY,10001,259 WEST 30TH ST 12TH FL,OEC GROUP NEW YORK,133-33 BROOKVILLE BLVD STE . 306 ONE CROSS ISLAND PLAZA,ROTTERDAM NETHERL,Hupkes Houthandel Dieren B.V.,Netherlands,False,True,False
100 FSC EKKI MASSARANDUBA HARDWOOD HS CODE-4 . 100 FSC EKKI HARDWOOD HS CODE-440729,BORO SAWMILL & TIMBER CO INC,BORO SAWMILL & TIMBER CO INC,HUPKES HOUTHANDEL DIEREN BV,08/10/2020,2020,85514,38870,Rotterdam,"New York/Newark Area, Newark, New Jersey",OOCL ASIA,Netherlands,40729 NO MARKS NO MARKS,"139, RYERSON AVE, WAYNE NJ 07470 US",SPANKERENSEWEG 79 DIEREN 6951 NL,7470,2,MAGU5404118 EITU9121753, ,586,PCS,0, ,RSECUSNYC0070389,H,EGLV520000157836,156W,B1866259 B1866260,HONG KONG, ,RSEC,ROSE CONTAINERLINE INC,NEW YORK,NY,10001,259 WEST 30TH ST 12TH FL,OEC GROUP NEW YORK,133-33 BROOKVILLE BLVD STE. 306 ONE CROSS ISLAND PLAZA,ROTTERDAM NETHERL,Hupkes Houthandel Dieren B.V.,Netherlands,False,True,True
100 FSC EKKI HARDWOOD,BORO SAWMILL & TIMBER CO INC,BORO SAWMILL & TIMBER CO INC,HUPKES HOUTHANDEL DIEREN BV,07/20/2020,2020,42680,19400,Rotterdam,"New York/Newark Area, Newark, New Jersey",EVER LASTING,Netherlands,NO MARKS,"139, RYERSON AVE, WAYNE NJ 07470 US",SPANKERENSEWEG 79 DIEREN 6951 NL,7470,1,EITU1574645, ,56,PCS,0, ,RSECUSNYC0070181,H,EGLV520000148004,047W,B1866253,UNITED KINGDOM, ,RSEC,ROSE CONTAINERLINE INC,NEW YORK,NY,10001,259 WEST 30TH ST 12TH FL,OEC GROUP NEW YORK,ONE CROSS ISLAND PLAZA 133-33 BROOKVILLE BLVD STE. 306,ROTTERDAM NETHERL,Hupkes Houthandel Dieren B.V.,Netherlands,False,True,False
"FSC EKKI,AZOBE HARDWOOD HS CODE000258",BORO SAWMILL & TIMBER CO INC,BORO SAWMILL & TIMBER CO INC,HUPKES HOUTHANDEL DIEREN BV,07/06/2020,2020,43780,19900,Rotterdam,"New York/Newark Area, Newark, New Jersey",OOCL ASIA,Netherlands,NO MARKS,"139, RYERSON AVE, WAYNE NJ 07470 US",SPANKERENSEWEG 79 DIEREN 6951 NL,7470,1,OOLU1677776, ,672,PCS,0, ,RSECUSNYC0060376,H,OOLU2113350700,154W,B1866257,HONG KONG, ,RSEC,ROSE CONTAINERLINE INC,NEW YORK,NY,10001,259 WEST 30TH ST 12TH FL,OEC GROUP NEW YORK,133-33 BROOKVILLE BLVD STE. 306 ONE CROSS ISLAND PLAZA,ROTTERDAM NETHERL,Hupkes Houthandel Dieren B.V.,Netherlands,False,True,False
EKKI HARDWOOD HS CODE440729 EKKI HARDWOOD HS CODE440729,BORO SAWMILL & TIMBER CO INC,BORO SAWMILL & TIMBER CO INC,HUPKES HOUTHANDEL DIEREN BV,06/29/2020,2020,84370,38350,Rotterdam,"New York/Newark Area, Newark, New Jersey",COSCO VIETNAM,Netherlands,NO MARKS NO MARKS,"139, RYERSON AVE, WAYNE NJ 07470 US",SPANKERENSEWEG 79 DIEREN 6951 NL,7470,2,OOLU8345726 OOLU8881610, ,104,PCS,0, ,RSECUSNYC0060244,H,OOLU2113202490,061W,B1866254 B1866256,HONG KONG, ,RSEC,ROSE CONTAINERLINE INC,NEW YORK,NY,10001,259 WEST 30TH ST 12TH FL,OEC GROUP NEW YORK,133-33 BROOKVILLE BLVD STE. 306 ONE CROSS ISLAND PLAZA,ROTTERDAM NETHERL,Hupkes Houthandel Dieren B.V.,Netherlands,False,True,False
EKKI HARDWOOD HS CODE-440729,BORO SAWMILL & TIMBER CO INC,BORO SAWMILL & TIMBER CO INC,HUPKES HOUTHANDEL DIEREN BV,06/23/2020,2020,43230,19650,Rotterdam,"New York/Newark Area, Newark, New Jersey",CMA CGM OTELLO,Netherlands,NO MARKS,"139, RYERSON AVE, WAYNE NJ 07470 US",SPANKERENSEWEG 79 DIEREN 6951 NL,7470,1,OOCU8141182, ,61,PCS,0, ,RSECUSNYC0060160,H,OOLU2113050160,0LB6D,B1866255,FRANCE, ,RSEC,ROSE CONTAINERLINE INC,NEW YORK,NY,10001,259 WEST 30TH ST 12TH FL,OEC GROUP NEW YORK,ONE CROSS ISLAND PLAZA 133-33 BROOKVILLE BLVD STE. 306,ROTTERDAM NETHERL,Hupkes Houthandel Dieren B.V.,Netherlands,False,True,False
100 PERCENT FSC EKKI HARDWOOD HS CODE440729,BORO SAWMILL & TIMBER CO INC,BORO SAWMILL & TIMBER CO INC,HUPKES HOUTHANDEL DIEREN BV,05/28/2020,2020,42790,19450,Rotterdam,"New York/Newark Area, Newark, New Jersey",OOCL ASIA,Netherlands,NO MARKS,"139, RYERSON AVE, WAYNE NJ 07470 US",SPANKERENSEWEG 79 DIEREN 6951 NL,7470,1,SEGU5260416, ,660,PCS,0, ,RSECUSNYC0050267,H,OOLU2112568410,152W,B1561839,HONG KONG, ,RSEC,ROSE CONTAINERLINE INC,NEW YORK,NY,10001,259 WEST 30TH ST 12TH FL,OEC GROUP NEW YORK,133-33 BROOKVILLE BLVD STE. 306 ONE CROSS ISLAND PLAZA,ROTTERDAM NETHERL,Hupkes Houthandel Dieren B.V.,Netherlands,False,True,False
100 FSC EKKI HARDWOOD HS CODE-440729,BORO SAWMILL & TIMBER CO INC,BORO SAWMILL & TIMBER CO INC,HUPKES HOUTHANDEL DIEREN BV,05/13/2020,2020,41558,18890,Rotterdam,"New York/Newark Area, Newark, New Jersey",CMA CGM OTELLO,Netherlands,NO MARKS,"139, RYERSON AVE, WAYNE NJ 07470 US",SPANKERENSEWEG 79 DIEREN 6951 NL,7470,1,OOCU7449988,45G1,200,PCS,0, ,RSECUSNYC0040467,H,OOLU2112303290,0LB5Z,B1561837,FRANCE, ,RSEC,ROSE CONTAINERLINE INC,NEW YORK,NY,10001,259 WEST 30TH ST 12TH FL,OEC GROUP NEW YORK,ONE CROSS ISLAND PLAZA 133-33 BROOKVILLE BLVD STE. 306,ROTTERDAM NETHERL,Hupkes Houthandel Dieren B.V.,Netherlands,False,True,False
100 FSC EKKI HARDWOOD HS CODE 440729,BORO SAWMILL & TIMBER CO INC,BORO SAWMILL & TIMBER CO INC,HUPKES HOUTHANDEL DIEREN BV,04/14/2020,2020,40590,18450,Rotterdam,"New York/Newark Area, Newark, New Jersey",COSCO VIETNAM,Netherlands,NO MARKS,"139, RYERSON AVE, WAYNE NJ 07470 US",SPANKERENSEWEG 79 DIEREN 6951 NL,7470,1,OOLU8456273,45G1,157,PCS,0, ,RSECUSNYC0020512,H,OOLU2111569700,059W,B1561840,HONG KONG, ,RSEC,ROSE CONTAINERLINE INC,NEW YORK,NY,10001,259 WEST 30TH ST 12TH FL,OEC GROUP NEW YORK,ONE CROSS ISLAND PLAZA 133-33 BROOKVILLE BLVD STE. 306,ROTTERDAM NETHERL,Hupkes Houthandel Dieren B.V.,Netherlands,False,True,False
100 FSC EKKI HARDWOOD HS CODE-440729,BORO SAWMILL & TIMBER CO INC,BORO SAWMILL & TIMBER CO INC,HUPKES HOUTHANDEL DIEREN BV,03/10/2020,2020,43340,19700,Rotterdam,"New York/Newark Area, Newark, New Jersey",COSCO VIETNAM,Netherlands,NO MARKS,"139, RYERSON AVE, WAYNE NJ 07470 US",SPANKERENSEWEG 79 DIEREN 6951 NL,7470,1,OOLU8255303, ,6,BDL,0, ,RSECUSNYC0020407,H,OOLU2111200510,058W,B1561838,HONG KONG, ,RSEC,ROSE CONTAINERLINE INC,NEW YORK,NY,10001,259 WEST 30TH ST 12TH FL,OEC GROUP NEW YORK,ONE CROSS ISLAND PLAZA 133-33 BROOKVILLE BLVD STE. 306,ROTTERDAM NETHERL,Hupkes Houthandel Dieren B.V.,Netherlands,False,True,False
100 FSC EKKI HARDWOOD HS CODE 440729,BORO SAWMILL & TIMBER CO INC,BORO SAWMILL & TIMBER CO INC,HUPKES HOUTHANDEL DIEREN BV,02/28/2020,2020,43340,19700,Rotterdam,"New York/Newark Area, Newark, New Jersey",CMA CGM OTELLO,Netherlands,NO MARKS,"139, RYERSON AVE, WAYNE NJ 07470 US",SPANKERENSEWEG 79 DIEREN 6951 NL,7470,1,OOCU7869065,45G1,6,BDL,0, ,RSECUSNYC0020142,H,OOLU2111109700,031W,B1561834,FRANCE, ,RSEC,ROSE CONTAINERLINE INC,NEW YORK,NY,10001,259 WEST 30TH ST 12TH FL,OEC GROUP NEW YORK,ONE CROSS ISLAND PLAZA 133-33 BROOKVILLE BLVD STE. 306,ROTTERDAM NETHERL,Hupkes Houthandel Dieren B.V.,Netherlands,False,True,False
100 FSC EKKI HARDWOOD HS CODE-440729 100 FSC EKKI HARDWOOD HS CODE-440729,BORO SAWMILL & TIMBER CO INC,BORO SAWMILL & TIMBER CO INC,HUPKES HOUTHANDEL DIEREN BV,02/10/2020,2020,86460,39300,Rotterdam,"New York/Newark Area, Newark, New Jersey",COSCO PHILIPPINES,Netherlands,NO MARKS NO MARKS,"139, RYERSON AVE, WAYNE MI 07470 US",SPANKERENSEWEG 79 DIEREN 6951 NL,7470,2,BMOU5674907 OOLU8513558, ,12,BDL,0, ,RSECUSNYC0010540,H,OOLU2111035830,021W,B1561832 B1561833,HONG KONG, ,RSEC,ROSE CONTAINERLINE INC,NEW YORK,NY,10001,259 WEST 30TH ST 12TH FL,OEC GROUP NEW YORK,133-33 BROOKVILLE BLVD STE. 306 ONE CROSS ISLAND PLAZA,ROTTERDAM NETHERL,Hupkes Houthandel Dieren B.V.,Netherlands,False,True,False
EKKI HARDWOOD EKKI HARDWOOD,BORO SAWMILL & TIMBER CO INC,BORO SAWMILL & TIMBER CO INC,HUPKES HOUTHANDEL DIEREN BV,02/03/2020,2020,87120,39600,Rotterdam,"New York/Newark Area, Newark, New Jersey",OOCL ASIA,Netherlands,NO MARKS NO MARKS,"139, RYERSON AVE, WAYNE NJ 07470 US",SPANKERENSEWEG 79 DIEREN 6951 NL,7470,2,CSNU6703757 OOCU7821837, ,12,BDL,0, ,RSECUSNYC0010447,H,OOLU2110964950,146W,B1561831 B1582426,HONG KONG, ,RSEC,ROSE CONTAINERLINE INC,NEW YORK,NY,10001,259 WEST 30TH ST 12TH FL,OEC GROUP NEW YORK,133-33 BROOKVILLE BLVD STE. 306 ONE CROSS ISLAND PLAZA,ROTTERDAM NETHERL,Hupkes Houthandel Dieren B.V.,Netherlands,False,True,False
READY FOR DHL FREIGHT PREPAID EKKI SAWN TIMBER FSC 100 SGSCH-COC-000790,BORO SAWMILL TIMBER CO. INC.,BORO SAWMILL & TIMBER CO INC,WIJMA KAMPEN BV,01/22/2020,2020,62548,28431,Rotterdam,"New York/Newark Area, Newark, New Jersey",CMA CGM OTELLO,Netherlands,NO MARKS,"139, RYERSON AVE WAYNE, NL 07470 WAYNE TE UNITED STATES",HAATLANDHAVEN 3 KAMPEN NETHERLANDS,7470,1,CMAU5270805,4500,8,PCS,0,CM,CMDURTM0962428, , ,0LB56,A008216,FRANCE, ,CMDU,COMPAGNIE MARITIME D-AFFRETEMENT,NORFOLK,VA,23502,5701 LAKE WRIGHT DR,BORO SAWMILL TIMBER CO. INC.,"139, RYERSON AVE WAYNE, NL 07470 WAYNE",ROTTERDAM,Wijma Kampen B.V.,Netherlands,False,True,False
